date,open,high,low,close,volume
2026-07-05 17:03:00,1.33408,1.33408,1.33394,1.33394,1.0
2026-07-05 17:04:00,1.33394,1.33394,1.33393,1.33393,1.0
2026-07-05 17:05:00,1.33393,1.33394,1.33389,1.3339,7.0
2026-07-05 17:06:00,1.3339,1.33391,1.33389,1.33389,2.0
2026-07-05 17:07:00,1.33389,1.33391,1.33388,1.3339,4.0
2026-07-05 17:34:00,1.3339,1.33447,1.3339,1.33433,7.0
2026-07-05 17:35:00,1.33433,1.3346,1.3343,1.33435,36.0
2026-07-05 17:36:00,1.33435,1.33473,1.33435,1.33453,26.0
2026-07-05 17:37:00,1.33453,1.33457,1.33443,1.33457,17.0
2026-07-05 17:38:00,1.33457,1.33462,1.33447,1.33455,14.0
2026-07-05 17:39:00,1.33455,1.33464,1.33445,1.33464,19.0
2026-07-05 17:40:00,1.33464,1.33466,1.33454,1.33466,11.0
2026-07-05 17:41:00,1.33466,1.33466,1.33443,1.33452,20.0
2026-07-05 17:42:00,1.33452,1.33465,1.33451,1.33462,10.0
2026-07-05 17:43:00,1.33462,1.33462,1.33443,1.33459,18.0
2026-07-05 17:44:00,1.33459,1.3346,1.33449,1.33453,9.0
2026-07-05 17:45:00,1.33453,1.33456,1.33448,1.33453,20.0
2026-07-05 17:46:00,1.33453,1.33463,1.33444,1.33444,11.0
2026-07-05 17:47:00,1.33444,1.33447,1.33444,1.33445,16.0
2026-07-05 17:48:00,1.33445,1.33457,1.33441,1.33441,17.0
2026-07-05 17:49:00,1.33441,1.3345,1.33441,1.33446,17.0
2026-07-05 17:50:00,1.33446,1.33461,1.3344,1.3344,22.0
2026-07-05 17:51:00,1.3344,1.33448,1.3344,1.33447,11.0
2026-07-05 17:52:00,1.33447,1.33453,1.33445,1.33449,22.0
2026-07-05 17:53:00,1.33449,1.33462,1.33449,1.33462,13.0
2026-07-05 17:54:00,1.33462,1.33462,1.33448,1.33459,26.0
2026-07-05 17:55:00,1.33459,1.33473,1.33453,1.33454,19.0
2026-07-05 17:56:00,1.33454,1.33467,1.33451,1.33462,15.0
2026-07-05 17:57:00,1.33462,1.33478,1.33462,1.33464,45.0
2026-07-05 17:58:00,1.33464,1.33464,1.33424,1.33449,241.0
2026-07-05 17:59:00,1.33449,1.33461,1.33413,1.33432,354.0
2026-07-05 18:00:00,1.33432,1.33541,1.33432,1.33534,165.0
2026-07-05 18:01:00,1.33534,1.3354,1.33511,1.33536,35.0
2026-07-05 18:02:00,1.33536,1.33537,1.33505,1.33524,40.0
2026-07-05 18:03:00,1.33524,1.3354,1.33513,1.33533,41.0
2026-07-05 18:04:00,1.33533,1.33533,1.33512,1.33518,14.0
2026-07-05 18:05:00,1.33518,1.33532,1.33507,1.33507,52.0
2026-07-05 18:06:00,1.33507,1.33521,1.33507,1.33517,28.0
2026-07-05 18:07:00,1.33517,1.3352,1.33509,1.33519,40.0
2026-07-05 18:08:00,1.33519,1.3352,1.33515,1.33517,36.0
2026-07-05 18:09:00,1.33517,1.33517,1.33514,1.33516,10.0
2026-07-05 18:10:00,1.33516,1.33537,1.33516,1.33537,33.0
2026-07-05 18:11:00,1.33537,1.33538,1.33535,1.33538,14.0
2026-07-05 18:12:00,1.33538,1.3354,1.33531,1.33532,38.0
2026-07-05 18:13:00,1.33532,1.33532,1.3353,1.33531,21.0
2026-07-05 18:14:00,1.33531,1.33532,1.33527,1.33527,15.0
2026-07-05 18:15:00,1.33527,1.33532,1.33526,1.33531,14.0
2026-07-05 18:16:00,1.33531,1.33531,1.33526,1.33531,19.0
2026-07-05 18:17:00,1.33531,1.33531,1.33519,1.33522,31.0
2026-07-05 18:18:00,1.33522,1.33529,1.33522,1.33524,50.0
2026-07-05 18:19:00,1.33524,1.33528,1.33519,1.33524,64.0
2026-07-05 18:20:00,1.33524,1.33527,1.3352,1.33522,46.0
2026-07-05 18:21:00,1.33522,1.33522,1.3352,1.3352,9.0
2026-07-05 18:23:00,1.3352,1.33522,1.33518,1.33521,13.0
2026-07-05 18:24:00,1.33521,1.33522,1.33519,1.33521,13.0
2026-07-05 18:25:00,1.33521,1.33522,1.33519,1.3352,10.0
2026-07-05 18:26:00,1.3352,1.33521,1.33518,1.33518,4.0
2026-07-05 18:27:00,1.33518,1.33519,1.33516,1.33519,7.0
2026-07-05 18:28:00,1.33519,1.33519,1.33516,1.33519,11.0
2026-07-05 18:29:00,1.33519,1.33519,1.33516,1.33519,10.0
2026-07-05 18:30:00,1.33519,1.33519,1.33509,1.33511,22.0
2026-07-05 18:31:00,1.33511,1.33519,1.3351,1.33519,34.0
2026-07-05 18:32:00,1.33519,1.33519,1.33514,1.33514,48.0
2026-07-05 18:33:00,1.33514,1.33519,1.33514,1.33516,36.0
2026-07-05 18:34:00,1.33516,1.33517,1.33514,1.33517,29.0
2026-07-05 18:35:00,1.33517,1.33517,1.33513,1.33514,36.0
2026-07-05 18:36:00,1.33514,1.33516,1.33512,1.33513,43.0
2026-07-05 18:37:00,1.33513,1.33513,1.33512,1.33513,30.0
2026-07-05 18:38:00,1.33513,1.33518,1.33513,1.33514,18.0
2026-07-05 18:39:00,1.33514,1.33518,1.33509,1.33509,52.0
2026-07-05 18:40:00,1.33509,1.3351,1.33498,1.33501,42.0
2026-07-05 18:41:00,1.33501,1.33504,1.335,1.335,28.0
2026-07-05 18:42:00,1.335,1.33503,1.33497,1.33502,21.0
2026-07-05 18:43:00,1.33502,1.33502,1.335,1.33502,33.0
2026-07-05 18:44:00,1.33502,1.33504,1.335,1.33501,19.0
2026-07-05 18:45:00,1.33501,1.33502,1.33498,1.33502,4.0
2026-07-05 18:46:00,1.33502,1.33503,1.33501,1.33503,4.0
2026-07-05 18:47:00,1.33503,1.33503,1.33499,1.33503,5.0
2026-07-05 18:48:00,1.33503,1.33505,1.33503,1.33503,3.0
2026-07-05 18:49:00,1.33503,1.33503,1.33499,1.33502,17.0
2026-07-05 18:50:00,1.33502,1.33502,1.335,1.33501,29.0
2026-07-05 18:51:00,1.33501,1.33502,1.33501,1.33502,11.0
2026-07-05 18:52:00,1.33502,1.33502,1.33497,1.33501,9.0
2026-07-05 18:53:00,1.33501,1.33502,1.33497,1.335,23.0
2026-07-05 18:54:00,1.335,1.335,1.33489,1.33491,10.0
2026-07-05 18:55:00,1.33491,1.33491,1.3348,1.33481,36.0
2026-07-05 18:56:00,1.33481,1.33482,1.33481,1.33481,9.0
2026-07-05 18:57:00,1.33481,1.33482,1.3348,1.33481,4.0
2026-07-05 18:58:00,1.33481,1.33481,1.33479,1.33481,41.0
2026-07-05 18:59:00,1.33481,1.33485,1.3348,1.33482,52.0
2026-07-05 19:00:00,1.33482,1.33488,1.33481,1.33486,87.0
2026-07-05 19:01:00,1.33486,1.33499,1.33485,1.33496,102.0
2026-07-05 19:02:00,1.33496,1.33498,1.33486,1.33489,70.0
2026-07-05 19:03:00,1.33489,1.33489,1.33473,1.3348,76.0
2026-07-05 19:04:00,1.3348,1.33483,1.3347,1.33471,34.0
2026-07-05 19:05:00,1.33471,1.33473,1.33469,1.33472,30.0
2026-07-05 19:06:00,1.33472,1.33472,1.33469,1.33469,18.0
2026-07-05 19:07:00,1.33469,1.33472,1.33469,1.33471,25.0
2026-07-05 19:08:00,1.33471,1.33482,1.33471,1.33482,50.0
2026-07-05 19:09:00,1.33482,1.33482,1.33475,1.33476,51.0
2026-07-05 19:10:00,1.33476,1.33476,1.3347,1.33472,40.0
2026-07-05 19:11:00,1.33472,1.33473,1.33471,1.33473,22.0
2026-07-05 19:12:00,1.33473,1.33473,1.33469,1.3347,36.0
2026-07-05 19:13:00,1.3347,1.33471,1.33463,1.33464,34.0
2026-07-05 19:14:00,1.33464,1.33473,1.33462,1.33472,53.0
2026-07-05 19:15:00,1.33472,1.33474,1.33468,1.33468,25.0
2026-07-05 19:16:00,1.33468,1.33468,1.3346,1.3346,62.0
2026-07-05 19:17:00,1.3346,1.33463,1.3346,1.33463,44.0
2026-07-05 19:18:00,1.33463,1.33464,1.3346,1.33463,6.0
2026-07-05 19:19:00,1.33463,1.33465,1.33459,1.33465,29.0
2026-07-05 19:20:00,1.33465,1.33473,1.33464,1.33473,42.0
2026-07-05 19:21:00,1.33473,1.33475,1.33471,1.33473,26.0
2026-07-05 19:22:00,1.33473,1.33477,1.33471,1.33476,26.0
2026-07-05 19:23:00,1.33476,1.33482,1.33474,1.33482,25.0
2026-07-05 19:24:00,1.33482,1.33482,1.33476,1.33476,22.0
2026-07-05 19:25:00,1.33476,1.33478,1.33476,1.33476,30.0
2026-07-05 19:26:00,1.33476,1.33481,1.33476,1.33481,25.0
2026-07-05 19:27:00,1.33481,1.33491,1.33481,1.33491,32.0
2026-07-05 19:28:00,1.33491,1.33503,1.3349,1.335,54.0
2026-07-05 19:29:00,1.335,1.335,1.33494,1.33496,38.0
2026-07-05 19:30:00,1.33496,1.33499,1.33493,1.33497,50.0
2026-07-05 19:31:00,1.33497,1.33507,1.33494,1.33504,88.0
2026-07-05 19:32:00,1.33504,1.33511,1.33504,1.33511,79.0
2026-07-05 19:33:00,1.33511,1.33511,1.33501,1.33503,41.0
2026-07-05 19:34:00,1.33503,1.33503,1.33501,1.33501,21.0
2026-07-05 19:35:00,1.33501,1.33505,1.33501,1.33503,40.0
2026-07-05 19:36:00,1.33503,1.33503,1.33491,1.33492,24.0
2026-07-05 19:37:00,1.33492,1.33503,1.33491,1.33502,38.0
2026-07-05 19:38:00,1.33502,1.33502,1.33498,1.33502,36.0
2026-07-05 19:39:00,1.33502,1.33505,1.33502,1.33504,5.0
2026-07-05 19:40:00,1.33504,1.33506,1.33502,1.33505,33.0
2026-07-05 19:41:00,1.33505,1.33506,1.33504,1.33505,37.0
2026-07-05 19:42:00,1.33505,1.33514,1.33503,1.33507,74.0
2026-07-05 19:43:00,1.33507,1.33509,1.33503,1.33504,46.0
2026-07-05 19:44:00,1.33504,1.33531,1.33504,1.33524,182.0
2026-07-05 19:45:00,1.33524,1.33524,1.33513,1.33523,136.0
2026-07-05 19:46:00,1.33523,1.33535,1.33523,1.33529,147.0
2026-07-05 19:47:00,1.33529,1.33533,1.33512,1.33513,129.0
2026-07-05 19:48:00,1.33513,1.3352,1.33509,1.3352,80.0
2026-07-05 19:49:00,1.3352,1.33524,1.33514,1.33514,44.0
2026-07-05 19:50:00,1.33514,1.33515,1.33507,1.3351,86.0
2026-07-05 19:51:00,1.3351,1.33513,1.33509,1.33512,56.0
2026-07-05 19:52:00,1.33512,1.33513,1.33509,1.33511,59.0
2026-07-05 19:53:00,1.33511,1.33511,1.335,1.33503,60.0
2026-07-05 19:54:00,1.33503,1.33514,1.33503,1.33513,69.0
2026-07-05 19:55:00,1.33513,1.33514,1.33511,1.33512,57.0
2026-07-05 19:56:00,1.33512,1.33526,1.33509,1.33524,115.0
2026-07-05 19:57:00,1.33524,1.33538,1.33522,1.33537,103.0
2026-07-05 19:58:00,1.33537,1.33537,1.33529,1.33535,118.0
2026-07-05 19:59:00,1.33535,1.33536,1.33522,1.33522,76.0
2026-07-05 20:00:00,1.33522,1.33529,1.33503,1.33504,478.0
2026-07-05 20:01:00,1.33504,1.33521,1.33504,1.33518,395.0
2026-07-05 20:02:00,1.33518,1.3353,1.33511,1.33516,268.0
2026-07-05 20:03:00,1.33516,1.33518,1.33502,1.33513,273.0
2026-07-05 20:04:00,1.33513,1.33517,1.33488,1.33492,181.0
2026-07-05 20:05:00,1.33492,1.33503,1.3349,1.33492,257.0
2026-07-05 20:06:00,1.33492,1.33494,1.33482,1.33484,204.0
2026-07-05 20:07:00,1.33484,1.33488,1.33476,1.33476,199.0
2026-07-05 20:08:00,1.33476,1.33484,1.33474,1.33483,186.0
2026-07-05 20:09:00,1.33483,1.33486,1.33464,1.33465,189.0
2026-07-05 20:10:00,1.33465,1.33485,1.33464,1.3348,155.0
2026-07-05 20:11:00,1.3348,1.33486,1.33476,1.33485,191.0
2026-07-05 20:12:00,1.33485,1.33486,1.33477,1.33485,166.0
2026-07-05 20:13:00,1.33485,1.33502,1.33484,1.33502,176.0
2026-07-05 20:14:00,1.33502,1.33505,1.33493,1.33505,168.0
2026-07-05 20:15:00,1.33505,1.33529,1.33504,1.33526,199.0
2026-07-05 20:16:00,1.33526,1.33556,1.33523,1.33554,202.0
2026-07-05 20:17:00,1.33554,1.33566,1.33547,1.33548,296.0
2026-07-05 20:18:00,1.33548,1.33549,1.33524,1.33528,213.0
2026-07-05 20:19:00,1.33528,1.33535,1.33523,1.33526,239.0
2026-07-05 20:20:00,1.33526,1.33529,1.33524,1.33529,164.0
2026-07-05 20:21:00,1.33529,1.3353,1.33514,1.3353,197.0
2026-07-05 20:22:00,1.3353,1.33531,1.33522,1.33525,160.0
2026-07-05 20:23:00,1.33525,1.33525,1.33514,1.33515,188.0
2026-07-05 20:24:00,1.33515,1.33516,1.33509,1.33514,159.0
2026-07-05 20:25:00,1.33514,1.33515,1.33504,1.33505,242.0
2026-07-05 20:26:00,1.33505,1.33505,1.33489,1.33489,338.0
2026-07-05 20:27:00,1.33489,1.33504,1.33489,1.33499,386.0
2026-07-05 20:28:00,1.33499,1.33507,1.33495,1.33507,177.0
2026-07-05 20:29:00,1.33507,1.3353,1.33504,1.3353,254.0
2026-07-05 20:30:00,1.3353,1.33558,1.33524,1.3354,307.0
2026-07-05 20:31:00,1.3354,1.33543,1.33518,1.33526,207.0
2026-07-05 20:32:00,1.33526,1.33545,1.33524,1.33538,270.0
2026-07-05 20:33:00,1.33538,1.33553,1.33538,1.33538,218.0
2026-07-05 20:34:00,1.33538,1.33539,1.3353,1.33535,217.0
2026-07-05 20:35:00,1.33535,1.33535,1.33518,1.33525,189.0
2026-07-05 20:36:00,1.33525,1.33535,1.33514,1.33535,213.0
2026-07-05 20:37:00,1.33535,1.33547,1.33532,1.33544,226.0
2026-07-05 20:38:00,1.33544,1.33549,1.33526,1.33526,242.0
2026-07-05 20:39:00,1.33526,1.33538,1.33526,1.33536,124.0
2026-07-05 20:40:00,1.33536,1.33545,1.33535,1.33543,147.0
2026-07-05 20:41:00,1.33543,1.33549,1.33541,1.33546,124.0
2026-07-05 20:42:00,1.33546,1.33547,1.33537,1.33541,136.0
2026-07-05 20:43:00,1.33541,1.33546,1.33535,1.33539,255.0
2026-07-05 20:44:00,1.33539,1.33545,1.33536,1.3354,218.0
2026-07-05 20:45:00,1.3354,1.33547,1.33533,1.33536,148.0
2026-07-05 20:46:00,1.33536,1.33547,1.33536,1.33544,115.0
2026-07-05 20:47:00,1.33544,1.33545,1.3354,1.33541,159.0
2026-07-05 20:48:00,1.33541,1.33545,1.33529,1.3353,238.0
2026-07-05 20:49:00,1.3353,1.3353,1.33511,1.33516,310.0
2026-07-05 20:50:00,1.33516,1.3352,1.33508,1.33513,261.0
2026-07-05 20:51:00,1.33513,1.3352,1.33512,1.33512,180.0
2026-07-05 20:52:00,1.33512,1.33532,1.33506,1.33524,196.0
2026-07-05 20:53:00,1.33524,1.33528,1.33517,1.33525,147.0
2026-07-05 20:54:00,1.33525,1.33529,1.33509,1.33523,269.0
2026-07-05 20:55:00,1.33523,1.33544,1.33522,1.33537,277.0
2026-07-05 20:56:00,1.33537,1.33546,1.33522,1.33523,148.0
2026-07-05 20:57:00,1.33523,1.33534,1.33516,1.3353,160.0
2026-07-05 20:58:00,1.3353,1.33531,1.33519,1.33523,149.0
2026-07-05 20:59:00,1.33523,1.33533,1.33522,1.33529,248.0
2026-07-05 21:00:00,1.33529,1.33531,1.33513,1.33513,263.0
2026-07-05 21:01:00,1.33513,1.33519,1.33511,1.33514,176.0
2026-07-05 21:02:00,1.33514,1.3352,1.33513,1.33516,168.0
2026-07-05 21:03:00,1.33516,1.33518,1.3351,1.33513,157.0
2026-07-05 21:04:00,1.33513,1.33521,1.33509,1.33511,130.0
2026-07-05 21:05:00,1.33511,1.33516,1.33504,1.33509,195.0
2026-07-05 21:06:00,1.33509,1.33515,1.33503,1.33504,179.0
2026-07-05 21:07:00,1.33504,1.33505,1.33493,1.33496,140.0
2026-07-05 21:08:00,1.33496,1.33518,1.33496,1.33508,196.0
2026-07-05 21:09:00,1.33508,1.33513,1.33504,1.33512,118.0
2026-07-05 21:10:00,1.33512,1.33541,1.33512,1.33533,242.0
2026-07-05 21:11:00,1.33533,1.33535,1.33516,1.33516,200.0
2026-07-05 21:12:00,1.33516,1.33521,1.33496,1.33505,205.0
2026-07-05 21:13:00,1.33505,1.33521,1.33504,1.33518,173.0
2026-07-05 21:14:00,1.33518,1.33525,1.33518,1.33523,117.0
2026-07-05 21:15:00,1.33523,1.33523,1.33502,1.33504,133.0
2026-07-05 21:16:00,1.33504,1.33513,1.33492,1.33492,176.0
2026-07-05 21:17:00,1.33492,1.33493,1.33473,1.33473,62.0
2026-07-05 21:18:00,1.33473,1.33494,1.33473,1.33493,74.0
2026-07-05 21:19:00,1.33493,1.33497,1.33473,1.33477,193.0
2026-07-05 21:20:00,1.33477,1.33483,1.33462,1.33466,233.0
2026-07-05 21:21:00,1.33466,1.33471,1.33449,1.33453,289.0
2026-07-05 21:22:00,1.33453,1.33455,1.33444,1.33448,178.0
2026-07-05 21:23:00,1.33448,1.33449,1.33438,1.33441,238.0
2026-07-05 21:24:00,1.33441,1.33455,1.33439,1.3345,197.0
2026-07-05 21:25:00,1.3345,1.33453,1.33438,1.33438,192.0
2026-07-05 21:26:00,1.33438,1.33442,1.33417,1.33427,270.0
2026-07-05 21:27:00,1.33427,1.33429,1.33424,1.33425,224.0
2026-07-05 21:28:00,1.33425,1.33439,1.33424,1.33437,168.0
2026-07-05 21:29:00,1.33437,1.33441,1.33432,1.33441,217.0
2026-07-05 21:30:00,1.33441,1.33445,1.33413,1.33423,252.0
2026-07-05 21:31:00,1.33423,1.33444,1.33421,1.33444,190.0
2026-07-05 21:32:00,1.33444,1.33452,1.33434,1.33442,205.0
2026-07-05 21:33:00,1.33442,1.33445,1.33434,1.33436,128.0
2026-07-05 21:34:00,1.33436,1.33441,1.33427,1.33435,252.0
2026-07-05 21:35:00,1.33435,1.33445,1.33434,1.33435,146.0
2026-07-05 21:36:00,1.33435,1.33442,1.3343,1.33435,163.0
2026-07-05 21:37:00,1.33435,1.33465,1.33435,1.33464,212.0
2026-07-05 21:38:00,1.33464,1.3347,1.33464,1.33464,209.0
2026-07-05 21:39:00,1.33464,1.33472,1.33462,1.33472,236.0
2026-07-05 21:40:00,1.33472,1.33475,1.33462,1.33465,169.0
2026-07-05 21:41:00,1.33465,1.33471,1.33462,1.33467,180.0
2026-07-05 21:42:00,1.33467,1.33468,1.33458,1.33465,240.0
2026-07-05 21:43:00,1.33465,1.33467,1.33455,1.33461,199.0
2026-07-05 21:44:00,1.33461,1.33474,1.33461,1.33466,223.0
2026-07-05 21:45:00,1.33466,1.33466,1.33456,1.33458,263.0
2026-07-05 21:46:00,1.33458,1.33459,1.33452,1.33453,169.0
2026-07-05 21:47:00,1.33453,1.33465,1.33453,1.33465,167.0
2026-07-05 21:48:00,1.33465,1.33465,1.33454,1.33459,271.0
2026-07-05 21:49:00,1.33459,1.33459,1.33436,1.33437,166.0
2026-07-05 21:50:00,1.33437,1.33439,1.33423,1.33423,256.0
2026-07-05 21:51:00,1.33423,1.33425,1.33414,1.33424,159.0
2026-07-05 21:52:00,1.33424,1.33425,1.33412,1.33413,158.0
2026-07-05 21:53:00,1.33413,1.33423,1.33409,1.3341,210.0
2026-07-05 21:54:00,1.3341,1.33416,1.3341,1.33415,165.0
2026-07-05 21:55:00,1.33415,1.33423,1.33411,1.33416,220.0
2026-07-05 21:56:00,1.33416,1.33422,1.33414,1.33414,212.0
2026-07-05 21:57:00,1.33414,1.33414,1.33403,1.33406,166.0
2026-07-05 21:58:00,1.33406,1.33407,1.33392,1.33397,242.0
2026-07-05 21:59:00,1.33397,1.334,1.33396,1.33396,106.0
2026-07-05 22:00:00,1.33396,1.33415,1.33394,1.33414,237.0
2026-07-05 22:01:00,1.33414,1.33417,1.33411,1.33416,197.0
2026-07-05 22:02:00,1.33416,1.33426,1.3341,1.33424,157.0
2026-07-05 22:03:00,1.33424,1.33426,1.33418,1.33426,166.0
2026-07-05 22:04:00,1.33426,1.33431,1.33424,1.33424,184.0
2026-07-05 22:05:00,1.33424,1.33424,1.3341,1.33416,201.0
2026-07-05 22:06:00,1.33416,1.33416,1.33405,1.33406,314.0
2026-07-05 22:07:00,1.33406,1.33407,1.33393,1.33394,219.0
2026-07-05 22:08:00,1.33394,1.33405,1.33393,1.33404,174.0
2026-07-05 22:09:00,1.33404,1.33406,1.33392,1.33402,165.0
2026-07-05 22:10:00,1.33402,1.33405,1.33393,1.33403,166.0
2026-07-05 22:11:00,1.33403,1.33414,1.334,1.33407,207.0
2026-07-05 22:12:00,1.33407,1.33412,1.33403,1.33403,218.0
2026-07-05 22:13:00,1.33403,1.33407,1.33401,1.33407,148.0
2026-07-05 22:14:00,1.33407,1.33415,1.33404,1.33413,141.0
2026-07-05 22:15:00,1.33413,1.33416,1.33405,1.33414,166.0
2026-07-05 22:16:00,1.33414,1.33414,1.33399,1.33405,159.0
2026-07-05 22:17:00,1.33405,1.33412,1.334,1.33411,123.0
2026-07-05 22:18:00,1.33411,1.33414,1.33403,1.33407,177.0
2026-07-05 22:19:00,1.33407,1.33412,1.33405,1.33407,170.0
2026-07-05 22:20:00,1.33407,1.3342,1.33405,1.33419,221.0
2026-07-05 22:21:00,1.33419,1.3342,1.33412,1.33414,169.0
2026-07-05 22:22:00,1.33414,1.33416,1.33412,1.33414,87.0
2026-07-05 22:23:00,1.33414,1.33415,1.3341,1.3341,62.0
2026-07-05 22:24:00,1.3341,1.33414,1.33406,1.33406,88.0
2026-07-05 22:25:00,1.33406,1.33416,1.33406,1.33414,187.0
2026-07-05 22:26:00,1.33414,1.33416,1.33409,1.33412,80.0
2026-07-05 22:27:00,1.33412,1.33414,1.33407,1.33412,179.0
2026-07-05 22:28:00,1.33412,1.33416,1.33406,1.3341,131.0
2026-07-05 22:29:00,1.3341,1.3341,1.33405,1.33406,106.0
2026-07-05 22:30:00,1.33406,1.33411,1.33403,1.33406,288.0
2026-07-05 22:31:00,1.33406,1.33407,1.334,1.33404,116.0
2026-07-05 22:32:00,1.33404,1.33405,1.33401,1.33405,141.0
2026-07-05 22:33:00,1.33405,1.33407,1.33403,1.33403,70.0
2026-07-05 22:34:00,1.33403,1.33406,1.33401,1.33404,163.0
2026-07-05 22:35:00,1.33404,1.33418,1.33403,1.33406,156.0
2026-07-05 22:36:00,1.33406,1.33407,1.33399,1.33406,151.0
2026-07-05 22:37:00,1.33406,1.33409,1.33403,1.33406,107.0
2026-07-05 22:38:00,1.33406,1.33408,1.33405,1.33406,55.0
2026-07-05 22:39:00,1.33406,1.33416,1.33406,1.33408,128.0
2026-07-05 22:40:00,1.33408,1.33409,1.33399,1.33401,143.0
2026-07-05 22:41:00,1.33401,1.33415,1.33401,1.33414,161.0
2026-07-05 22:42:00,1.33414,1.33416,1.33412,1.33413,93.0
2026-07-05 22:43:00,1.33413,1.33415,1.3341,1.3341,80.0
2026-07-05 22:44:00,1.3341,1.33416,1.33408,1.33408,177.0
2026-07-05 22:45:00,1.33408,1.33425,1.33408,1.33425,161.0
2026-07-05 22:46:00,1.33425,1.33427,1.33422,1.33422,112.0
2026-07-05 22:47:00,1.33422,1.33432,1.33422,1.33424,169.0
2026-07-05 22:48:00,1.33424,1.33429,1.33424,1.33425,144.0
2026-07-05 22:49:00,1.33425,1.3343,1.33425,1.33429,206.0
2026-07-05 22:50:00,1.33429,1.33431,1.33425,1.33425,143.0
2026-07-05 22:51:00,1.33425,1.33437,1.33425,1.33436,121.0
2026-07-05 22:52:00,1.33436,1.33451,1.33436,1.33449,143.0
2026-07-05 22:53:00,1.33449,1.33453,1.33445,1.33452,151.0
2026-07-05 22:54:00,1.33452,1.33455,1.33449,1.3345,109.0
2026-07-05 22:55:00,1.3345,1.33454,1.3345,1.33452,127.0
2026-07-05 22:56:00,1.33452,1.33453,1.33444,1.33447,128.0
2026-07-05 22:57:00,1.33447,1.3347,1.33446,1.33466,154.0
2026-07-05 22:58:00,1.33466,1.33468,1.33464,1.33468,164.0
2026-07-05 22:59:00,1.33468,1.3347,1.33459,1.3346,284.0
2026-07-05 23:00:00,1.3346,1.33468,1.33459,1.33466,177.0
2026-07-05 23:01:00,1.33466,1.33482,1.33462,1.33476,161.0
2026-07-05 23:02:00,1.33476,1.33477,1.33471,1.33472,140.0
2026-07-05 23:03:00,1.33472,1.33473,1.33469,1.3347,130.0
2026-07-05 23:04:00,1.3347,1.33474,1.33469,1.33472,119.0
2026-07-05 23:05:00,1.33472,1.33472,1.33466,1.3347,117.0
2026-07-05 23:06:00,1.3347,1.3347,1.33462,1.33464,82.0
2026-07-05 23:07:00,1.33464,1.33465,1.3346,1.33464,90.0
2026-07-05 23:08:00,1.33464,1.33464,1.33455,1.33456,76.0
2026-07-05 23:09:00,1.33456,1.3346,1.33455,1.33456,182.0
2026-07-05 23:10:00,1.33456,1.33463,1.33455,1.33463,104.0
2026-07-05 23:11:00,1.33463,1.33467,1.33463,1.33463,121.0
2026-07-05 23:12:00,1.33463,1.33463,1.33452,1.33452,63.0
2026-07-05 23:13:00,1.33452,1.33454,1.33449,1.33453,140.0
2026-07-05 23:14:00,1.33453,1.33455,1.33448,1.33451,169.0
2026-07-05 23:15:00,1.33451,1.33451,1.33433,1.33436,141.0
2026-07-05 23:16:00,1.33436,1.33451,1.33435,1.33446,139.0
2026-07-05 23:17:00,1.33446,1.33453,1.33446,1.33451,132.0
2026-07-05 23:18:00,1.33451,1.33451,1.33442,1.33442,91.0
2026-07-05 23:19:00,1.33442,1.33444,1.3344,1.33443,113.0
2026-07-05 23:20:00,1.33443,1.33445,1.33432,1.33436,156.0
2026-07-05 23:21:00,1.33436,1.33442,1.33433,1.33434,189.0
2026-07-05 23:22:00,1.33434,1.33436,1.33417,1.33425,169.0
2026-07-05 23:23:00,1.33425,1.33428,1.33413,1.33413,122.0
2026-07-05 23:24:00,1.33413,1.33413,1.33406,1.33407,99.0
2026-07-05 23:25:00,1.33407,1.33417,1.33403,1.33414,98.0
2026-07-05 23:26:00,1.33414,1.33414,1.33403,1.33405,110.0
2026-07-05 23:27:00,1.33405,1.33415,1.33403,1.33413,105.0
2026-07-05 23:28:00,1.33413,1.33416,1.33409,1.33413,123.0
2026-07-05 23:29:00,1.33413,1.33414,1.33406,1.33408,167.0
2026-07-05 23:30:00,1.33408,1.33408,1.33403,1.33404,104.0
2026-07-05 23:31:00,1.33404,1.33404,1.33396,1.33401,100.0
2026-07-05 23:32:00,1.33401,1.33404,1.33396,1.33404,143.0
2026-07-05 23:33:00,1.33404,1.33407,1.33403,1.33405,109.0
2026-07-05 23:34:00,1.33405,1.33405,1.33399,1.33399,130.0
2026-07-05 23:35:00,1.33399,1.33411,1.33399,1.33407,133.0
2026-07-05 23:36:00,1.33407,1.33415,1.33407,1.33414,139.0
2026-07-05 23:37:00,1.33414,1.33415,1.33402,1.33404,122.0
2026-07-05 23:38:00,1.33404,1.33406,1.334,1.33406,89.0
2026-07-05 23:39:00,1.33406,1.33411,1.33404,1.3341,75.0
2026-07-05 23:40:00,1.3341,1.33413,1.33408,1.33412,149.0
2026-07-05 23:41:00,1.33412,1.33415,1.3341,1.33414,180.0
2026-07-05 23:42:00,1.33414,1.33421,1.33414,1.33417,194.0
2026-07-05 23:43:00,1.33417,1.33419,1.33414,1.33416,111.0
2026-07-05 23:44:00,1.33416,1.33425,1.33413,1.33425,149.0
2026-07-05 23:45:00,1.33425,1.33431,1.33423,1.3343,90.0
2026-07-05 23:46:00,1.3343,1.33431,1.33424,1.33424,105.0
2026-07-05 23:47:00,1.33424,1.33427,1.33422,1.33425,75.0
2026-07-05 23:48:00,1.33425,1.33426,1.3342,1.33421,100.0
2026-07-05 23:49:00,1.33421,1.33421,1.33413,1.33415,110.0
2026-07-05 23:50:00,1.33415,1.33418,1.33413,1.33413,85.0
2026-07-05 23:51:00,1.33413,1.33415,1.33407,1.33407,115.0
2026-07-05 23:52:00,1.33407,1.33407,1.33395,1.33398,95.0
2026-07-05 23:53:00,1.33398,1.33403,1.33395,1.33403,115.0
2026-07-05 23:54:00,1.33403,1.33404,1.33398,1.33398,140.0
2026-07-05 23:55:00,1.33398,1.33415,1.33398,1.3341,117.0
2026-07-05 23:56:00,1.3341,1.33413,1.33407,1.33411,118.0
2026-07-05 23:57:00,1.33411,1.33413,1.33408,1.33412,95.0
2026-07-05 23:58:00,1.33412,1.33424,1.33406,1.33408,156.0
2026-07-05 23:59:00,1.33408,1.33422,1.33408,1.33421,172.0
2026-07-06 00:00:00,1.33421,1.33424,1.33415,1.33416,180.0
2026-07-06 00:01:00,1.33416,1.33423,1.33415,1.33419,112.0
2026-07-06 00:02:00,1.33419,1.33419,1.3341,1.33413,108.0
2026-07-06 00:03:00,1.33413,1.33426,1.33413,1.33425,101.0
2026-07-06 00:04:00,1.33425,1.3343,1.33424,1.33426,170.0
2026-07-06 00:05:00,1.33426,1.33431,1.33424,1.33425,207.0
2026-07-06 00:06:00,1.33425,1.33425,1.33419,1.33422,63.0
2026-07-06 00:07:00,1.33422,1.33427,1.33422,1.33426,86.0
2026-07-06 00:08:00,1.33426,1.33428,1.33422,1.33426,109.0
2026-07-06 00:09:00,1.33426,1.33427,1.33421,1.33423,147.0
2026-07-06 00:10:00,1.33423,1.33436,1.33423,1.33435,213.0
2026-07-06 00:11:00,1.33435,1.33437,1.33432,1.33434,72.0
2026-07-06 00:12:00,1.33434,1.33446,1.33433,1.33445,87.0
2026-07-06 00:13:00,1.33445,1.33446,1.33441,1.33446,88.0
2026-07-06 00:14:00,1.33446,1.3345,1.33442,1.33443,67.0
2026-07-06 00:15:00,1.33443,1.33443,1.33433,1.33441,80.0
2026-07-06 00:16:00,1.33441,1.33452,1.33441,1.33442,147.0
2026-07-06 00:17:00,1.33442,1.33442,1.3343,1.33432,74.0
2026-07-06 00:18:00,1.33432,1.33438,1.33432,1.33437,96.0
2026-07-06 00:19:00,1.33437,1.33437,1.33433,1.33435,93.0
2026-07-06 00:20:00,1.33435,1.33435,1.33429,1.33433,81.0
2026-07-06 00:21:00,1.33433,1.33434,1.33431,1.33434,90.0
2026-07-06 00:22:00,1.33434,1.33434,1.33425,1.33426,75.0
2026-07-06 00:23:00,1.33426,1.33434,1.33424,1.33425,93.0
2026-07-06 00:24:00,1.33425,1.33434,1.33424,1.33431,91.0
2026-07-06 00:25:00,1.33431,1.33432,1.33428,1.33431,52.0
2026-07-06 00:26:00,1.33431,1.33439,1.33429,1.33436,89.0
2026-07-06 00:27:00,1.33436,1.33441,1.33431,1.33431,71.0
2026-07-06 00:28:00,1.33431,1.33435,1.33429,1.33433,91.0
2026-07-06 00:29:00,1.33433,1.33434,1.3343,1.3343,48.0
2026-07-06 00:30:00,1.3343,1.33434,1.3343,1.33433,65.0
2026-07-06 00:31:00,1.33433,1.33438,1.33433,1.33438,103.0
2026-07-06 00:32:00,1.33438,1.33442,1.33438,1.33441,150.0
2026-07-06 00:33:00,1.33441,1.33444,1.3344,1.33444,68.0
2026-07-06 00:34:00,1.33444,1.33444,1.33438,1.33441,113.0
2026-07-06 00:35:00,1.33441,1.33442,1.33432,1.33442,56.0
2026-07-06 00:36:00,1.33442,1.33443,1.33439,1.33443,68.0
2026-07-06 00:37:00,1.33443,1.33446,1.33443,1.33445,46.0
2026-07-06 00:38:00,1.33445,1.33445,1.33441,1.33443,99.0
2026-07-06 00:39:00,1.33443,1.33444,1.33431,1.33431,103.0
2026-07-06 00:40:00,1.33431,1.33435,1.3343,1.33434,104.0
2026-07-06 00:41:00,1.33434,1.33435,1.33425,1.33427,206.0
2026-07-06 00:42:00,1.33427,1.33441,1.33427,1.33434,167.0
2026-07-06 00:43:00,1.33434,1.33435,1.33429,1.3343,76.0
2026-07-06 00:44:00,1.3343,1.33439,1.33429,1.33435,84.0
2026-07-06 00:45:00,1.33435,1.33435,1.33428,1.33432,73.0
2026-07-06 00:46:00,1.33432,1.33433,1.33422,1.33423,120.0
2026-07-06 00:47:00,1.33423,1.33423,1.33421,1.33423,54.0
2026-07-06 00:48:00,1.33423,1.33427,1.33423,1.33426,126.0
2026-07-06 00:49:00,1.33426,1.33433,1.33426,1.33429,67.0
2026-07-06 00:50:00,1.33429,1.33434,1.33423,1.33423,190.0
2026-07-06 00:51:00,1.33423,1.33425,1.33413,1.33414,77.0
2026-07-06 00:52:00,1.33414,1.33424,1.33413,1.33423,85.0
2026-07-06 00:53:00,1.33423,1.33432,1.33422,1.33428,97.0
2026-07-06 00:54:00,1.33428,1.33434,1.33426,1.33434,144.0
2026-07-06 00:55:00,1.33434,1.33437,1.33425,1.33428,114.0
2026-07-06 00:56:00,1.33428,1.33436,1.33426,1.33433,187.0
2026-07-06 00:57:00,1.33433,1.33434,1.33428,1.33431,64.0
2026-07-06 00:58:00,1.33431,1.33434,1.3343,1.33431,70.0
2026-07-06 00:59:00,1.33431,1.33431,1.33425,1.33428,80.0
2026-07-06 01:00:00,1.33428,1.33434,1.33415,1.33416,140.0
2026-07-06 01:01:00,1.33416,1.3342,1.33413,1.33413,157.0
2026-07-06 01:02:00,1.33413,1.33415,1.33407,1.33411,103.0
2026-07-06 01:03:00,1.33411,1.33411,1.33395,1.33395,126.0
2026-07-06 01:04:00,1.33395,1.33397,1.33393,1.33394,70.0
2026-07-06 01:05:00,1.33394,1.33401,1.33391,1.33401,121.0
2026-07-06 01:06:00,1.33401,1.33401,1.33392,1.33396,108.0
2026-07-06 01:07:00,1.33396,1.33397,1.33393,1.33394,131.0
2026-07-06 01:08:00,1.33394,1.33395,1.33383,1.33383,122.0
2026-07-06 01:09:00,1.33383,1.33386,1.33383,1.33383,76.0
2026-07-06 01:10:00,1.33383,1.33386,1.33383,1.33384,62.0
2026-07-06 01:11:00,1.33384,1.33393,1.3338,1.33392,115.0
2026-07-06 01:12:00,1.33392,1.33401,1.3339,1.33391,90.0
2026-07-06 01:13:00,1.33391,1.33394,1.33385,1.33394,141.0
2026-07-06 01:14:00,1.33394,1.33394,1.33386,1.3339,135.0
2026-07-06 01:15:00,1.3339,1.33395,1.33386,1.33393,169.0
2026-07-06 01:16:00,1.33393,1.33394,1.33386,1.33386,130.0
2026-07-06 01:17:00,1.33386,1.33387,1.33383,1.33384,71.0
2026-07-06 01:18:00,1.33384,1.33384,1.33374,1.3338,285.0
2026-07-06 01:19:00,1.3338,1.33381,1.33375,1.33376,243.0
2026-07-06 01:20:00,1.33376,1.33384,1.33373,1.33383,138.0
2026-07-06 01:21:00,1.33383,1.33384,1.33373,1.33375,129.0
2026-07-06 01:22:00,1.33375,1.33393,1.33373,1.33388,221.0
2026-07-06 01:23:00,1.33388,1.33392,1.33381,1.33384,153.0
2026-07-06 01:24:00,1.33384,1.33387,1.33381,1.33383,107.0
2026-07-06 01:25:00,1.33383,1.3339,1.33381,1.33387,150.0
2026-07-06 01:26:00,1.33387,1.33388,1.3338,1.33382,87.0
2026-07-06 01:27:00,1.33382,1.33386,1.3338,1.33386,102.0
2026-07-06 01:28:00,1.33386,1.33394,1.33385,1.33393,111.0
2026-07-06 01:29:00,1.33393,1.33397,1.33389,1.3339,89.0
2026-07-06 01:30:00,1.3339,1.33405,1.33382,1.33401,223.0
2026-07-06 01:31:00,1.33401,1.33404,1.33396,1.33404,235.0
2026-07-06 01:32:00,1.33404,1.33415,1.33403,1.33413,205.0
2026-07-06 01:33:00,1.33413,1.33435,1.33413,1.33434,160.0
2026-07-06 01:34:00,1.33434,1.33437,1.33427,1.33428,170.0
2026-07-06 01:35:00,1.33428,1.33434,1.33424,1.33433,183.0
2026-07-06 01:36:00,1.33433,1.33437,1.33431,1.33435,95.0
2026-07-06 01:37:00,1.33435,1.33441,1.33435,1.3344,96.0
2026-07-06 01:38:00,1.3344,1.3344,1.33433,1.33436,103.0
2026-07-06 01:39:00,1.33436,1.33436,1.3342,1.33421,148.0
2026-07-06 01:40:00,1.33421,1.33428,1.33421,1.33427,115.0
2026-07-06 01:41:00,1.33427,1.33427,1.3341,1.33414,189.0
2026-07-06 01:42:00,1.33414,1.33415,1.33409,1.33415,121.0
2026-07-06 01:43:00,1.33415,1.33415,1.33408,1.3341,130.0
2026-07-06 01:44:00,1.3341,1.33411,1.33406,1.3341,205.0
2026-07-06 01:45:00,1.3341,1.33417,1.33401,1.33417,129.0
2026-07-06 01:46:00,1.33417,1.33425,1.33417,1.33424,134.0
2026-07-06 01:47:00,1.33424,1.33425,1.33419,1.33421,146.0
2026-07-06 01:48:00,1.33421,1.33424,1.33417,1.3342,167.0
2026-07-06 01:49:00,1.3342,1.33422,1.33412,1.33413,169.0
2026-07-06 01:50:00,1.33413,1.33415,1.3341,1.33413,148.0
2026-07-06 01:51:00,1.33413,1.33413,1.33406,1.33408,165.0
2026-07-06 01:52:00,1.33408,1.33417,1.33408,1.33414,145.0
2026-07-06 01:53:00,1.33414,1.33417,1.3341,1.33413,95.0
2026-07-06 01:54:00,1.33413,1.33424,1.33413,1.33422,114.0
2026-07-06 01:55:00,1.33422,1.33428,1.33401,1.33401,190.0
2026-07-06 01:56:00,1.33401,1.33406,1.33394,1.334,158.0
2026-07-06 01:57:00,1.334,1.33401,1.3338,1.33381,139.0
2026-07-06 01:58:00,1.33381,1.33381,1.33345,1.33355,373.0
2026-07-06 01:59:00,1.33355,1.33371,1.33354,1.33362,315.0
2026-07-06 02:00:00,1.33362,1.33397,1.33359,1.33385,322.0
2026-07-06 02:01:00,1.33385,1.33395,1.33372,1.33381,202.0
2026-07-06 02:02:00,1.33381,1.33395,1.3338,1.33393,260.0
2026-07-06 02:03:00,1.33393,1.33394,1.33378,1.33391,230.0
2026-07-06 02:04:00,1.33391,1.33395,1.33384,1.33395,164.0
2026-07-06 02:05:00,1.33395,1.33397,1.33385,1.33385,280.0
2026-07-06 02:06:00,1.33385,1.33385,1.33359,1.33368,302.0
2026-07-06 02:07:00,1.33368,1.33384,1.33367,1.33383,123.0
2026-07-06 02:08:00,1.33383,1.33402,1.33382,1.33402,181.0
2026-07-06 02:09:00,1.33402,1.33407,1.33397,1.33399,183.0
2026-07-06 02:10:00,1.33399,1.334,1.33383,1.33387,133.0
2026-07-06 02:11:00,1.33387,1.3339,1.33379,1.33388,142.0
2026-07-06 02:12:00,1.33388,1.33388,1.33371,1.33374,161.0
2026-07-06 02:13:00,1.33374,1.3338,1.33372,1.33375,112.0
2026-07-06 02:14:00,1.33375,1.33382,1.33369,1.33372,134.0
2026-07-06 02:15:00,1.33372,1.33373,1.33351,1.33352,203.0
2026-07-06 02:16:00,1.33352,1.33356,1.33344,1.33347,148.0
2026-07-06 02:17:00,1.33347,1.33361,1.33344,1.33357,161.0
2026-07-06 02:18:00,1.33357,1.33365,1.33327,1.33327,268.0
2026-07-06 02:19:00,1.33327,1.33329,1.33301,1.33317,475.0
2026-07-06 02:20:00,1.33317,1.33336,1.3331,1.33336,389.0
2026-07-06 02:21:00,1.33336,1.33357,1.33334,1.33355,298.0
2026-07-06 02:22:00,1.33355,1.33365,1.33355,1.33359,165.0
2026-07-06 02:23:00,1.33359,1.33359,1.33343,1.33343,234.0
2026-07-06 02:24:00,1.33343,1.33348,1.33337,1.33347,222.0
2026-07-06 02:25:00,1.33347,1.33354,1.33332,1.33336,250.0
2026-07-06 02:26:00,1.33336,1.33338,1.3333,1.3333,139.0
2026-07-06 02:27:00,1.3333,1.33337,1.33325,1.33333,225.0
2026-07-06 02:28:00,1.33333,1.33334,1.3332,1.33329,283.0
2026-07-06 02:29:00,1.33329,1.33345,1.33327,1.33345,234.0
2026-07-06 02:30:00,1.33345,1.33356,1.33339,1.33346,244.0
2026-07-06 02:31:00,1.33346,1.33358,1.33331,1.33337,292.0
2026-07-06 02:32:00,1.33337,1.33342,1.33334,1.33341,306.0
2026-07-06 02:33:00,1.33341,1.33365,1.3334,1.33365,205.0
2026-07-06 02:34:00,1.33365,1.33382,1.33362,1.33367,346.0
2026-07-06 02:35:00,1.33367,1.33376,1.33366,1.33366,185.0
2026-07-06 02:36:00,1.33366,1.33367,1.33332,1.33333,246.0
2026-07-06 02:37:00,1.33333,1.33374,1.33333,1.33371,260.0
2026-07-06 02:38:00,1.33371,1.33379,1.33368,1.33379,257.0
2026-07-06 02:39:00,1.33379,1.33384,1.33374,1.3338,168.0
2026-07-06 02:40:00,1.3338,1.33386,1.33375,1.33376,171.0
2026-07-06 02:41:00,1.33376,1.33382,1.33363,1.33364,249.0
2026-07-06 02:42:00,1.33364,1.33375,1.33361,1.33367,280.0
2026-07-06 02:43:00,1.33367,1.33374,1.33362,1.33362,173.0
2026-07-06 02:44:00,1.33362,1.33364,1.33351,1.33358,292.0
2026-07-06 02:45:00,1.33358,1.33377,1.33352,1.33374,284.0
2026-07-06 02:46:00,1.33374,1.33377,1.33354,1.33355,274.0
2026-07-06 02:47:00,1.33355,1.33364,1.33353,1.3336,198.0
2026-07-06 02:48:00,1.3336,1.33364,1.33355,1.3336,228.0
2026-07-06 02:49:00,1.3336,1.33371,1.33356,1.33363,200.0
2026-07-06 02:50:00,1.33363,1.33368,1.3336,1.33365,124.0
2026-07-06 02:51:00,1.33365,1.33365,1.33362,1.33362,81.0
2026-07-06 02:52:00,1.33362,1.33364,1.3335,1.33352,84.0
2026-07-06 02:53:00,1.33352,1.33353,1.33341,1.33341,150.0
2026-07-06 02:54:00,1.33341,1.33346,1.33339,1.33344,209.0
2026-07-06 02:55:00,1.33344,1.33353,1.33334,1.33338,272.0
2026-07-06 02:56:00,1.33338,1.33338,1.33324,1.33325,223.0
2026-07-06 02:57:00,1.33325,1.33329,1.33316,1.33321,289.0
2026-07-06 02:58:00,1.33321,1.3333,1.33321,1.33323,207.0
2026-07-06 02:59:00,1.33323,1.3335,1.33323,1.33342,334.0
2026-07-06 03:00:00,1.33342,1.33343,1.33293,1.33293,446.0
2026-07-06 03:01:00,1.33293,1.33307,1.33286,1.33307,342.0
2026-07-06 03:02:00,1.33307,1.33312,1.33302,1.3331,288.0
2026-07-06 03:03:00,1.3331,1.33316,1.33301,1.33312,245.0
2026-07-06 03:04:00,1.33312,1.33338,1.33312,1.33333,211.0
2026-07-06 03:05:00,1.33333,1.33334,1.33322,1.33332,268.0
2026-07-06 03:06:00,1.33332,1.33342,1.33323,1.33342,333.0
2026-07-06 03:07:00,1.33342,1.33347,1.33333,1.33342,233.0
2026-07-06 03:08:00,1.33342,1.33347,1.3333,1.33336,184.0
2026-07-06 03:09:00,1.33336,1.33347,1.33333,1.33342,252.0
2026-07-06 03:10:00,1.33342,1.33347,1.33342,1.33342,223.0
2026-07-06 03:11:00,1.33342,1.3336,1.33336,1.33357,295.0
2026-07-06 03:12:00,1.33357,1.33358,1.33347,1.33351,240.0
2026-07-06 03:13:00,1.33351,1.33367,1.33349,1.33366,224.0
2026-07-06 03:14:00,1.33366,1.33404,1.33352,1.33404,302.0
2026-07-06 03:15:00,1.33404,1.33413,1.33392,1.33398,295.0
2026-07-06 03:16:00,1.33398,1.33421,1.33394,1.33412,238.0
2026-07-06 03:17:00,1.33412,1.33413,1.334,1.33404,270.0
2026-07-06 03:18:00,1.33404,1.33425,1.33403,1.33415,282.0
2026-07-06 03:19:00,1.33415,1.33428,1.33411,1.33419,286.0
2026-07-06 03:20:00,1.33419,1.33424,1.33397,1.33403,283.0
2026-07-06 03:21:00,1.33403,1.33406,1.33401,1.33401,194.0
2026-07-06 03:22:00,1.33401,1.3341,1.33393,1.33404,212.0
2026-07-06 03:23:00,1.33404,1.33424,1.33399,1.33422,221.0
2026-07-06 03:24:00,1.33422,1.33423,1.33403,1.33411,228.0
2026-07-06 03:25:00,1.33411,1.33417,1.33391,1.33392,229.0
2026-07-06 03:26:00,1.33392,1.33396,1.33371,1.33373,279.0
2026-07-06 03:27:00,1.33373,1.33386,1.33369,1.3338,247.0
2026-07-06 03:28:00,1.3338,1.33384,1.33372,1.33373,318.0
2026-07-06 03:29:00,1.33373,1.33383,1.33371,1.33375,242.0
2026-07-06 03:30:00,1.33375,1.33407,1.33374,1.334,485.0
2026-07-06 03:31:00,1.334,1.33413,1.33392,1.33402,263.0
2026-07-06 03:32:00,1.33402,1.33427,1.33402,1.33423,262.0
2026-07-06 03:33:00,1.33423,1.33426,1.33415,1.33416,289.0
2026-07-06 03:34:00,1.33416,1.33419,1.33411,1.33411,224.0
2026-07-06 03:35:00,1.33411,1.33413,1.33394,1.33397,254.0
2026-07-06 03:36:00,1.33397,1.33404,1.33393,1.33395,143.0
2026-07-06 03:37:00,1.33395,1.33411,1.33393,1.3341,180.0
2026-07-06 03:38:00,1.3341,1.33415,1.33401,1.33407,224.0
2026-07-06 03:39:00,1.33407,1.33433,1.33407,1.33432,161.0
2026-07-06 03:40:00,1.33432,1.33436,1.33431,1.33434,123.0
2026-07-06 03:41:00,1.33434,1.33441,1.33427,1.33435,221.0
2026-07-06 03:42:00,1.33435,1.33447,1.3343,1.33442,205.0
2026-07-06 03:43:00,1.33442,1.33454,1.3344,1.33453,211.0
2026-07-06 03:44:00,1.33453,1.33467,1.33451,1.33453,250.0
2026-07-06 03:45:00,1.33453,1.33464,1.33451,1.33463,179.0
2026-07-06 03:46:00,1.33463,1.33469,1.33461,1.33463,184.0
2026-07-06 03:47:00,1.33463,1.33467,1.33453,1.33455,179.0
2026-07-06 03:48:00,1.33455,1.33472,1.33452,1.33464,200.0
2026-07-06 03:49:00,1.33464,1.33465,1.33454,1.33457,230.0
2026-07-06 03:50:00,1.33457,1.33463,1.33441,1.33442,228.0
2026-07-06 03:51:00,1.33442,1.33446,1.3343,1.33444,168.0
2026-07-06 03:52:00,1.33444,1.33464,1.33444,1.33455,187.0
2026-07-06 03:53:00,1.33455,1.33463,1.33444,1.33447,213.0
2026-07-06 03:54:00,1.33447,1.33452,1.33443,1.33452,98.0
2026-07-06 03:55:00,1.33452,1.33473,1.33452,1.33462,189.0
2026-07-06 03:56:00,1.33462,1.33479,1.33461,1.33478,212.0
2026-07-06 03:57:00,1.33478,1.33496,1.33473,1.33482,344.0
2026-07-06 03:58:00,1.33482,1.33494,1.33481,1.33492,211.0
2026-07-06 03:59:00,1.33492,1.33495,1.33481,1.33487,230.0
2026-07-06 04:00:00,1.33487,1.33502,1.33481,1.33484,361.0
2026-07-06 04:01:00,1.33484,1.33486,1.33461,1.33462,233.0
2026-07-06 04:02:00,1.33462,1.33466,1.33448,1.33452,150.0
2026-07-06 04:03:00,1.33452,1.33453,1.33431,1.3345,220.0
2026-07-06 04:04:00,1.3345,1.33452,1.33438,1.33443,256.0
2026-07-06 04:05:00,1.33443,1.33453,1.33432,1.3345,220.0
2026-07-06 04:06:00,1.3345,1.33453,1.33441,1.33444,200.0
2026-07-06 04:07:00,1.33444,1.33451,1.33431,1.33432,143.0
2026-07-06 04:08:00,1.33432,1.33439,1.33429,1.33431,163.0
2026-07-06 04:09:00,1.33431,1.33432,1.3342,1.3342,124.0
2026-07-06 04:10:00,1.3342,1.33423,1.33399,1.33399,253.0
2026-07-06 04:11:00,1.33399,1.33402,1.33368,1.33381,357.0
2026-07-06 04:12:00,1.33381,1.334,1.33374,1.334,238.0
2026-07-06 04:13:00,1.334,1.33402,1.33385,1.33391,219.0
2026-07-06 04:14:00,1.33391,1.334,1.33387,1.33395,182.0
2026-07-06 04:15:00,1.33395,1.33417,1.33395,1.33416,219.0
2026-07-06 04:16:00,1.33416,1.33424,1.33409,1.33424,154.0
2026-07-06 04:17:00,1.33424,1.33433,1.33421,1.33421,202.0
2026-07-06 04:18:00,1.33421,1.3343,1.3339,1.33392,263.0
2026-07-06 04:19:00,1.33392,1.33401,1.33389,1.33398,229.0
2026-07-06 04:20:00,1.33398,1.33408,1.33398,1.33401,137.0
2026-07-06 04:21:00,1.33401,1.33407,1.33392,1.33399,151.0
2026-07-06 04:22:00,1.33399,1.33409,1.33393,1.33401,132.0
2026-07-06 04:23:00,1.33401,1.33402,1.33391,1.33393,94.0
2026-07-06 04:24:00,1.33393,1.33401,1.33391,1.33391,124.0
2026-07-06 04:25:00,1.33391,1.33397,1.3339,1.33392,97.0
2026-07-06 04:26:00,1.33392,1.33399,1.3338,1.33391,273.0
2026-07-06 04:27:00,1.33391,1.33394,1.3337,1.3337,184.0
2026-07-06 04:28:00,1.3337,1.33372,1.33364,1.33368,217.0
2026-07-06 04:29:00,1.33368,1.33402,1.33368,1.33395,271.0
2026-07-06 04:30:00,1.33395,1.33402,1.33393,1.33395,154.0
2026-07-06 04:31:00,1.33395,1.33395,1.3337,1.33371,127.0
2026-07-06 04:32:00,1.33371,1.33385,1.3336,1.33364,257.0
2026-07-06 04:33:00,1.33364,1.33377,1.33364,1.3337,189.0
2026-07-06 04:34:00,1.3337,1.33371,1.33355,1.33363,147.0
2026-07-06 04:35:00,1.33363,1.33374,1.33363,1.33368,167.0
2026-07-06 04:36:00,1.33368,1.33374,1.33361,1.33373,139.0
2026-07-06 04:37:00,1.33373,1.33378,1.33362,1.33363,185.0
2026-07-06 04:38:00,1.33363,1.33365,1.3335,1.33353,151.0
2026-07-06 04:39:00,1.33353,1.33363,1.3335,1.33362,126.0
2026-07-06 04:40:00,1.33362,1.33374,1.33361,1.33363,137.0
2026-07-06 04:41:00,1.33363,1.33366,1.33355,1.33362,171.0
2026-07-06 04:42:00,1.33362,1.33362,1.33343,1.33348,149.0
2026-07-06 04:43:00,1.33348,1.33349,1.33324,1.33327,178.0
2026-07-06 04:44:00,1.33327,1.33344,1.33327,1.33341,176.0
2026-07-06 04:45:00,1.33341,1.33343,1.33314,1.33316,174.0
2026-07-06 04:46:00,1.33316,1.33325,1.33311,1.33325,156.0
2026-07-06 04:47:00,1.33325,1.33332,1.33308,1.3331,156.0
2026-07-06 04:48:00,1.3331,1.33325,1.3331,1.33319,171.0
2026-07-06 04:49:00,1.33319,1.33323,1.33309,1.33314,229.0
2026-07-06 04:50:00,1.33314,1.33315,1.3331,1.33314,117.0
2026-07-06 04:51:00,1.33314,1.3335,1.33314,1.33342,227.0
2026-07-06 04:52:00,1.33342,1.33363,1.33327,1.33359,271.0
2026-07-06 04:53:00,1.33359,1.33364,1.33338,1.33364,318.0
2026-07-06 04:54:00,1.33364,1.33364,1.33353,1.33354,193.0
2026-07-06 04:55:00,1.33354,1.33366,1.3335,1.33363,167.0
2026-07-06 04:56:00,1.33363,1.33365,1.33351,1.33354,136.0
2026-07-06 04:57:00,1.33354,1.33367,1.33353,1.33355,145.0
2026-07-06 04:58:00,1.33355,1.33381,1.33355,1.33377,186.0
2026-07-06 04:59:00,1.33377,1.33378,1.33369,1.33375,153.0
2026-07-06 05:00:00,1.33375,1.33375,1.33339,1.33341,237.0
2026-07-06 05:01:00,1.33341,1.33352,1.33333,1.33338,221.0
2026-07-06 05:02:00,1.33338,1.33342,1.33329,1.33332,170.0
2026-07-06 05:03:00,1.33332,1.33355,1.33331,1.33355,183.0
2026-07-06 05:04:00,1.33355,1.33365,1.33345,1.33345,250.0
2026-07-06 05:05:00,1.33345,1.33365,1.33345,1.3336,261.0
2026-07-06 05:06:00,1.3336,1.33366,1.33352,1.33364,281.0
2026-07-06 05:07:00,1.33364,1.33377,1.33364,1.33375,210.0
2026-07-06 05:08:00,1.33375,1.33382,1.33372,1.33373,316.0
2026-07-06 05:09:00,1.33373,1.33381,1.33368,1.33373,264.0
2026-07-06 05:10:00,1.33373,1.33373,1.33333,1.33333,280.0
2026-07-06 05:11:00,1.33333,1.33341,1.33323,1.33323,218.0
2026-07-06 05:12:00,1.33323,1.33325,1.33313,1.33319,241.0
2026-07-06 05:13:00,1.33319,1.33339,1.33315,1.33334,253.0
2026-07-06 05:14:00,1.33334,1.33339,1.33332,1.33334,240.0
2026-07-06 05:15:00,1.33334,1.3334,1.33322,1.33323,251.0
2026-07-06 05:16:00,1.33323,1.33344,1.33322,1.33341,206.0
2026-07-06 05:17:00,1.33341,1.33343,1.33334,1.33337,165.0
2026-07-06 05:18:00,1.33337,1.33355,1.33337,1.33343,146.0
2026-07-06 05:19:00,1.33343,1.33346,1.33339,1.33339,93.0
2026-07-06 05:20:00,1.33339,1.33355,1.33334,1.33351,205.0
2026-07-06 05:21:00,1.33351,1.33365,1.33349,1.33362,170.0
2026-07-06 05:22:00,1.33362,1.33385,1.33361,1.33382,177.0
2026-07-06 05:23:00,1.33382,1.33383,1.33369,1.33382,215.0
2026-07-06 05:24:00,1.33382,1.33383,1.33371,1.33373,172.0
2026-07-06 05:25:00,1.33373,1.33378,1.33362,1.33377,185.0
2026-07-06 05:26:00,1.33377,1.33385,1.33372,1.33372,227.0
2026-07-06 05:27:00,1.33372,1.33373,1.33363,1.3337,174.0
2026-07-06 05:28:00,1.3337,1.33384,1.33366,1.33384,262.0
2026-07-06 05:29:00,1.33384,1.33391,1.33377,1.33383,244.0
2026-07-06 05:30:00,1.33383,1.33391,1.33377,1.33391,229.0
2026-07-06 05:31:00,1.33391,1.33399,1.33384,1.33391,267.0
2026-07-06 05:32:00,1.33391,1.33392,1.33383,1.33392,162.0
2026-07-06 05:33:00,1.33392,1.33402,1.33387,1.33394,210.0
2026-07-06 05:34:00,1.33394,1.33395,1.33389,1.33391,186.0
2026-07-06 05:35:00,1.33391,1.33402,1.33383,1.33402,151.0
2026-07-06 05:36:00,1.33402,1.33409,1.33391,1.33393,165.0
2026-07-06 05:37:00,1.33393,1.33396,1.33391,1.33395,131.0
2026-07-06 05:38:00,1.33395,1.33395,1.33388,1.33388,212.0
2026-07-06 05:39:00,1.33388,1.33404,1.33388,1.33401,135.0
2026-07-06 05:40:00,1.33401,1.33411,1.33398,1.33411,134.0
2026-07-06 05:41:00,1.33411,1.33413,1.33403,1.33405,254.0
2026-07-06 05:42:00,1.33405,1.33405,1.33396,1.33402,162.0
2026-07-06 05:43:00,1.33402,1.33402,1.33386,1.33397,184.0
2026-07-06 05:44:00,1.33397,1.33397,1.33384,1.33385,174.0
2026-07-06 05:45:00,1.33385,1.33386,1.33373,1.33381,231.0
2026-07-06 05:46:00,1.33381,1.33381,1.33372,1.33372,170.0
2026-07-06 05:47:00,1.33372,1.33373,1.33365,1.33371,127.0
2026-07-06 05:48:00,1.33371,1.33377,1.33362,1.33362,108.0
2026-07-06 05:49:00,1.33362,1.33364,1.33353,1.33354,146.0
2026-07-06 05:50:00,1.33354,1.3336,1.33351,1.3336,171.0
2026-07-06 05:51:00,1.3336,1.33365,1.33353,1.33353,168.0
2026-07-06 05:52:00,1.33353,1.33354,1.33329,1.3333,241.0
2026-07-06 05:53:00,1.3333,1.33333,1.33321,1.33332,290.0
2026-07-06 05:54:00,1.33332,1.33333,1.33314,1.33329,188.0
2026-07-06 05:55:00,1.33329,1.33352,1.33326,1.33344,244.0
2026-07-06 05:56:00,1.33344,1.33346,1.3334,1.33341,142.0
2026-07-06 05:57:00,1.33341,1.33349,1.33339,1.33344,189.0
2026-07-06 05:58:00,1.33344,1.33349,1.33341,1.33349,202.0
2026-07-06 05:59:00,1.33349,1.3335,1.33339,1.33349,220.0
2026-07-06 06:00:00,1.33349,1.33356,1.33344,1.33356,199.0
2026-07-06 06:01:00,1.33356,1.33365,1.33356,1.33364,247.0
2026-07-06 06:02:00,1.33364,1.33364,1.33322,1.33322,316.0
2026-07-06 06:03:00,1.33322,1.3333,1.33321,1.33323,228.0
2026-07-06 06:04:00,1.33323,1.33334,1.33321,1.33334,100.0
2026-07-06 06:05:00,1.33334,1.33346,1.33331,1.33331,212.0
2026-07-06 06:06:00,1.33331,1.33333,1.3332,1.33322,148.0
2026-07-06 06:07:00,1.33322,1.33351,1.33322,1.33347,303.0
2026-07-06 06:08:00,1.33347,1.33357,1.33346,1.33357,242.0
2026-07-06 06:09:00,1.33357,1.33365,1.33355,1.33362,183.0
2026-07-06 06:10:00,1.33362,1.33363,1.33353,1.33356,167.0
2026-07-06 06:11:00,1.33356,1.3338,1.33356,1.33375,225.0
2026-07-06 06:12:00,1.33375,1.33383,1.33373,1.33381,174.0
2026-07-06 06:13:00,1.33381,1.33385,1.33379,1.33384,158.0
2026-07-06 06:14:00,1.33384,1.33418,1.3338,1.33414,238.0
2026-07-06 06:15:00,1.33414,1.33414,1.33398,1.33413,191.0
2026-07-06 06:16:00,1.33413,1.33432,1.33413,1.33419,200.0
2026-07-06 06:17:00,1.33419,1.3344,1.33417,1.33437,234.0
2026-07-06 06:18:00,1.33437,1.33443,1.33417,1.33435,334.0
2026-07-06 06:19:00,1.33435,1.33445,1.33433,1.33434,188.0
2026-07-06 06:20:00,1.33434,1.33434,1.33424,1.33432,178.0
2026-07-06 06:21:00,1.33432,1.33433,1.33424,1.33429,115.0
2026-07-06 06:22:00,1.33429,1.33463,1.33429,1.33454,213.0
2026-07-06 06:23:00,1.33454,1.33455,1.33445,1.33445,138.0
2026-07-06 06:24:00,1.33445,1.33465,1.33444,1.33465,102.0
2026-07-06 06:25:00,1.33465,1.33471,1.33455,1.33456,159.0
2026-07-06 06:26:00,1.33456,1.33459,1.3344,1.3344,152.0
2026-07-06 06:27:00,1.3344,1.33452,1.3344,1.33442,205.0
2026-07-06 06:28:00,1.33442,1.33446,1.33433,1.33434,144.0
2026-07-06 06:29:00,1.33434,1.33436,1.334,1.33402,374.0
2026-07-06 06:30:00,1.33402,1.33402,1.3339,1.33396,241.0
2026-07-06 06:31:00,1.33396,1.33405,1.33392,1.33405,161.0
2026-07-06 06:32:00,1.33405,1.3341,1.334,1.334,122.0
2026-07-06 06:33:00,1.334,1.33422,1.334,1.33421,115.0
2026-07-06 06:34:00,1.33421,1.33425,1.33413,1.33414,178.0
2026-07-06 06:35:00,1.33414,1.33419,1.33411,1.33415,159.0
2026-07-06 06:36:00,1.33415,1.33442,1.33415,1.33441,226.0
2026-07-06 06:37:00,1.33441,1.3345,1.33434,1.33434,267.0
2026-07-06 06:38:00,1.33434,1.33435,1.33421,1.33423,183.0
2026-07-06 06:39:00,1.33423,1.33439,1.33415,1.33434,222.0
2026-07-06 06:40:00,1.33434,1.33435,1.3342,1.3342,128.0
2026-07-06 06:41:00,1.3342,1.33432,1.3342,1.33423,175.0
2026-07-06 06:42:00,1.33423,1.3343,1.33423,1.33428,125.0
2026-07-06 06:43:00,1.33428,1.33433,1.33415,1.33421,202.0
2026-07-06 06:44:00,1.33421,1.33421,1.33412,1.33419,185.0
2026-07-06 06:45:00,1.33419,1.3342,1.33403,1.33404,271.0
2026-07-06 06:46:00,1.33404,1.33406,1.33401,1.33403,177.0
2026-07-06 06:47:00,1.33403,1.33404,1.33391,1.33392,217.0
2026-07-06 06:48:00,1.33392,1.33404,1.33392,1.33393,191.0
2026-07-06 06:49:00,1.33393,1.33404,1.33393,1.33398,171.0
2026-07-06 06:50:00,1.33398,1.33398,1.33385,1.33396,163.0
2026-07-06 06:51:00,1.33396,1.33399,1.33383,1.33383,199.0
2026-07-06 06:52:00,1.33383,1.33401,1.33383,1.33399,284.0
2026-07-06 06:53:00,1.33399,1.33399,1.33383,1.33388,135.0
2026-07-06 06:54:00,1.33388,1.33403,1.33388,1.33402,213.0
2026-07-06 06:55:00,1.33402,1.33404,1.33394,1.33404,134.0
2026-07-06 06:56:00,1.33404,1.33411,1.334,1.334,175.0
2026-07-06 06:57:00,1.334,1.33403,1.33383,1.3339,158.0
2026-07-06 06:58:00,1.3339,1.33413,1.3339,1.33404,221.0
2026-07-06 06:59:00,1.33404,1.33411,1.33401,1.33407,189.0
2026-07-06 07:00:00,1.33407,1.3341,1.334,1.33403,223.0
2026-07-06 07:01:00,1.33403,1.33403,1.33373,1.33373,229.0
2026-07-06 07:02:00,1.33373,1.33382,1.3337,1.33381,174.0
2026-07-06 07:03:00,1.33381,1.33381,1.33373,1.33374,150.0
2026-07-06 07:04:00,1.33374,1.33381,1.33374,1.33374,189.0
2026-07-06 07:05:00,1.33374,1.33376,1.33363,1.33367,201.0
2026-07-06 07:06:00,1.33367,1.33368,1.3336,1.33365,235.0
2026-07-06 07:07:00,1.33365,1.33381,1.33365,1.33375,227.0
2026-07-06 07:08:00,1.33375,1.33375,1.33365,1.33369,146.0
2026-07-06 07:09:00,1.33369,1.33378,1.33369,1.33378,179.0
2026-07-06 07:10:00,1.33378,1.33387,1.33374,1.33382,190.0
2026-07-06 07:11:00,1.33382,1.33387,1.33374,1.33379,148.0
2026-07-06 07:12:00,1.33379,1.33394,1.33379,1.33392,116.0
2026-07-06 07:13:00,1.33392,1.33403,1.3339,1.33395,189.0
2026-07-06 07:14:00,1.33395,1.33403,1.33394,1.33399,109.0
2026-07-06 07:15:00,1.33399,1.33403,1.3339,1.3339,84.0
2026-07-06 07:16:00,1.3339,1.33391,1.3337,1.33372,147.0
2026-07-06 07:17:00,1.33372,1.33393,1.3337,1.33392,121.0
2026-07-06 07:18:00,1.33392,1.33409,1.33392,1.33409,147.0
2026-07-06 07:19:00,1.33409,1.33409,1.33396,1.334,149.0
2026-07-06 07:20:00,1.334,1.33404,1.33396,1.33402,140.0
2026-07-06 07:21:00,1.33402,1.33402,1.33393,1.33399,158.0
2026-07-06 07:22:00,1.33399,1.33415,1.33393,1.3341,232.0
2026-07-06 07:23:00,1.3341,1.33417,1.3341,1.33415,154.0
2026-07-06 07:24:00,1.33415,1.33416,1.33407,1.33409,154.0
2026-07-06 07:25:00,1.33409,1.33422,1.33407,1.3342,178.0
2026-07-06 07:26:00,1.3342,1.33436,1.33418,1.33434,197.0
2026-07-06 07:27:00,1.33434,1.33436,1.33424,1.33424,163.0
2026-07-06 07:28:00,1.33424,1.33433,1.33423,1.33429,212.0
2026-07-06 07:29:00,1.33429,1.33435,1.33425,1.33433,235.0
2026-07-06 07:30:00,1.33433,1.33457,1.33433,1.33455,305.0
2026-07-06 07:31:00,1.33455,1.33455,1.33436,1.33436,268.0
2026-07-06 07:32:00,1.33436,1.33437,1.3343,1.33432,151.0
2026-07-06 07:33:00,1.33432,1.33453,1.33432,1.33444,171.0
2026-07-06 07:34:00,1.33444,1.33448,1.33442,1.33446,151.0
2026-07-06 07:35:00,1.33446,1.33447,1.33441,1.33444,130.0
2026-07-06 07:36:00,1.33444,1.33444,1.3343,1.33433,156.0
2026-07-06 07:37:00,1.33433,1.33434,1.33415,1.33417,187.0
2026-07-06 07:38:00,1.33417,1.33424,1.33412,1.33412,220.0
2026-07-06 07:39:00,1.33412,1.33422,1.33412,1.33422,132.0
2026-07-06 07:40:00,1.33422,1.33443,1.33421,1.33442,189.0
2026-07-06 07:41:00,1.33442,1.33443,1.33425,1.3343,178.0
2026-07-06 07:42:00,1.3343,1.33434,1.33423,1.33432,163.0
2026-07-06 07:43:00,1.33432,1.33437,1.3342,1.33422,159.0
2026-07-06 07:44:00,1.33422,1.33428,1.33414,1.33423,160.0
2026-07-06 07:45:00,1.33423,1.33435,1.3342,1.3342,180.0
2026-07-06 07:46:00,1.3342,1.33423,1.33419,1.33423,139.0
2026-07-06 07:47:00,1.33423,1.33432,1.33412,1.33414,256.0
2026-07-06 07:48:00,1.33414,1.33441,1.33414,1.3344,246.0
2026-07-06 07:49:00,1.3344,1.33449,1.33427,1.33428,181.0
2026-07-06 07:50:00,1.33428,1.3343,1.33403,1.33404,260.0
2026-07-06 07:51:00,1.33404,1.33427,1.33404,1.33425,321.0
2026-07-06 07:52:00,1.33425,1.33425,1.33411,1.33413,291.0
2026-07-06 07:53:00,1.33413,1.33437,1.33412,1.33432,314.0
2026-07-06 07:54:00,1.33432,1.33448,1.3343,1.33445,270.0
2026-07-06 07:55:00,1.33445,1.33456,1.33439,1.33446,344.0
2026-07-06 07:56:00,1.33446,1.33446,1.33404,1.33405,269.0
2026-07-06 07:57:00,1.33405,1.33447,1.33401,1.33443,440.0
2026-07-06 07:58:00,1.33443,1.33451,1.33437,1.33447,306.0
2026-07-06 07:59:00,1.33447,1.33451,1.33439,1.33443,176.0
2026-07-06 08:00:00,1.33443,1.33483,1.33443,1.33481,420.0
2026-07-06 08:01:00,1.33481,1.33482,1.33453,1.33457,319.0
2026-07-06 08:02:00,1.33457,1.33488,1.33457,1.33479,385.0
2026-07-06 08:03:00,1.33479,1.33489,1.33476,1.33483,262.0
2026-07-06 08:04:00,1.33483,1.33509,1.33482,1.33508,277.0
2026-07-06 08:05:00,1.33508,1.33516,1.33499,1.33501,197.0
2026-07-06 08:06:00,1.33501,1.33503,1.33481,1.33493,160.0
2026-07-06 08:07:00,1.33493,1.33496,1.33469,1.33476,174.0
2026-07-06 08:08:00,1.33476,1.33477,1.33463,1.33465,130.0
2026-07-06 08:09:00,1.33465,1.33477,1.33452,1.33453,251.0
2026-07-06 08:10:00,1.33453,1.33466,1.33451,1.33463,228.0
2026-07-06 08:11:00,1.33463,1.3347,1.33459,1.33464,169.0
2026-07-06 08:12:00,1.33464,1.33474,1.33461,1.33462,121.0
2026-07-06 08:13:00,1.33462,1.33467,1.33461,1.33467,138.0
2026-07-06 08:14:00,1.33467,1.33487,1.33467,1.33481,159.0
2026-07-06 08:15:00,1.33481,1.33495,1.33481,1.33491,192.0
2026-07-06 08:16:00,1.33491,1.33493,1.33472,1.33487,200.0
2026-07-06 08:17:00,1.33487,1.33512,1.33486,1.335,176.0
2026-07-06 08:18:00,1.335,1.33513,1.33496,1.3351,252.0
2026-07-06 08:19:00,1.3351,1.33514,1.33494,1.33496,246.0
2026-07-06 08:20:00,1.33496,1.33505,1.33492,1.33503,304.0
2026-07-06 08:21:00,1.33503,1.33503,1.33484,1.33486,119.0
2026-07-06 08:22:00,1.33486,1.33493,1.33476,1.33477,160.0
2026-07-06 08:23:00,1.33477,1.33485,1.33471,1.3348,210.0
2026-07-06 08:24:00,1.3348,1.3348,1.3347,1.33473,209.0
2026-07-06 08:25:00,1.33473,1.33474,1.33464,1.33466,190.0
2026-07-06 08:26:00,1.33466,1.33488,1.33462,1.3348,195.0
2026-07-06 08:27:00,1.3348,1.33483,1.33454,1.33464,187.0
2026-07-06 08:28:00,1.33464,1.33483,1.33464,1.33483,129.0
2026-07-06 08:29:00,1.33483,1.3349,1.33481,1.3349,179.0
2026-07-06 08:30:00,1.3349,1.33493,1.33479,1.33479,140.0
2026-07-06 08:31:00,1.33479,1.33496,1.33479,1.3349,175.0
2026-07-06 08:32:00,1.3349,1.33495,1.33487,1.33492,116.0
2026-07-06 08:33:00,1.33492,1.33494,1.33481,1.33483,115.0
2026-07-06 08:34:00,1.33483,1.33485,1.33481,1.33481,77.0
2026-07-06 08:35:00,1.33481,1.33483,1.33463,1.33464,97.0
2026-07-06 08:36:00,1.33464,1.33472,1.33462,1.33465,172.0
2026-07-06 08:37:00,1.33465,1.33468,1.33451,1.33465,190.0
2026-07-06 08:38:00,1.33465,1.33467,1.33457,1.33463,162.0
2026-07-06 08:39:00,1.33463,1.33477,1.33452,1.33476,218.0
2026-07-06 08:40:00,1.33476,1.33476,1.33466,1.33467,156.0
2026-07-06 08:41:00,1.33467,1.33467,1.33433,1.33433,194.0
2026-07-06 08:42:00,1.33433,1.33435,1.33417,1.33427,204.0
2026-07-06 08:43:00,1.33427,1.33435,1.33412,1.33414,126.0
2026-07-06 08:44:00,1.33414,1.33414,1.33401,1.33406,200.0
2026-07-06 08:45:00,1.33406,1.33408,1.33382,1.33389,221.0
2026-07-06 08:46:00,1.33389,1.33405,1.33387,1.33405,294.0
2026-07-06 08:47:00,1.33405,1.33405,1.33381,1.33382,450.0
2026-07-06 08:48:00,1.33382,1.33395,1.33381,1.33386,190.0
2026-07-06 08:49:00,1.33386,1.33394,1.33373,1.33375,245.0
2026-07-06 08:50:00,1.33375,1.33396,1.33374,1.33396,147.0
2026-07-06 08:51:00,1.33396,1.33403,1.33394,1.33398,174.0
2026-07-06 08:52:00,1.33398,1.3341,1.33396,1.33409,175.0
2026-07-06 08:53:00,1.33409,1.33415,1.33396,1.33396,232.0
2026-07-06 08:54:00,1.33396,1.33452,1.33393,1.33442,278.0
2026-07-06 08:55:00,1.33442,1.33443,1.33423,1.33429,245.0
2026-07-06 08:56:00,1.33429,1.33455,1.33411,1.33414,361.0
2026-07-06 08:57:00,1.33414,1.33414,1.33388,1.33388,223.0
2026-07-06 08:58:00,1.33388,1.33434,1.3338,1.33432,278.0
2026-07-06 08:59:00,1.33432,1.33433,1.33415,1.33422,207.0
2026-07-06 09:00:00,1.33422,1.33432,1.3341,1.33432,386.0
2026-07-06 09:01:00,1.33432,1.33469,1.33431,1.33469,444.0
2026-07-06 09:02:00,1.33469,1.33473,1.33433,1.33433,282.0
2026-07-06 09:03:00,1.33433,1.33452,1.33433,1.33441,323.0
2026-07-06 09:04:00,1.33441,1.33445,1.33431,1.33444,236.0
2026-07-06 09:05:00,1.33444,1.33447,1.33436,1.33436,142.0
2026-07-06 09:06:00,1.33436,1.33465,1.33435,1.33443,261.0
2026-07-06 09:07:00,1.33443,1.33458,1.33442,1.33455,196.0
2026-07-06 09:08:00,1.33455,1.33456,1.33447,1.33454,180.0
2026-07-06 09:09:00,1.33454,1.33467,1.33452,1.33466,136.0
2026-07-06 09:10:00,1.33466,1.33477,1.33463,1.33474,230.0
2026-07-06 09:11:00,1.33474,1.33494,1.33474,1.33493,177.0
2026-07-06 09:12:00,1.33493,1.33513,1.33488,1.33508,265.0
2026-07-06 09:13:00,1.33508,1.33532,1.33491,1.33495,369.0
2026-07-06 09:14:00,1.33495,1.33495,1.33482,1.33494,200.0
2026-07-06 09:15:00,1.33494,1.33516,1.33494,1.33514,203.0
2026-07-06 09:16:00,1.33514,1.33516,1.33506,1.33514,173.0
2026-07-06 09:17:00,1.33514,1.33527,1.33513,1.33525,166.0
2026-07-06 09:18:00,1.33525,1.33526,1.33503,1.33512,176.0
2026-07-06 09:19:00,1.33512,1.33516,1.33502,1.33515,170.0
2026-07-06 09:20:00,1.33515,1.33525,1.33504,1.33507,224.0
2026-07-06 09:21:00,1.33507,1.33513,1.33493,1.33505,190.0
2026-07-06 09:22:00,1.33505,1.33524,1.33505,1.33516,269.0
2026-07-06 09:23:00,1.33516,1.33528,1.33513,1.33519,214.0
2026-07-06 09:24:00,1.33519,1.33534,1.33514,1.33516,226.0
2026-07-06 09:25:00,1.33516,1.33532,1.33514,1.33523,189.0
2026-07-06 09:26:00,1.33523,1.33544,1.33522,1.33542,158.0
2026-07-06 09:27:00,1.33542,1.33542,1.33533,1.33533,219.0
2026-07-06 09:28:00,1.33533,1.3354,1.33514,1.33521,282.0
2026-07-06 09:29:00,1.33521,1.33547,1.33521,1.33541,278.0
2026-07-06 09:30:00,1.33541,1.33564,1.33535,1.33544,624.0
2026-07-06 09:31:00,1.33544,1.3356,1.33535,1.33552,455.0
2026-07-06 09:32:00,1.33552,1.33556,1.33531,1.33533,378.0
2026-07-06 09:33:00,1.33533,1.33536,1.33517,1.33531,265.0
2026-07-06 09:34:00,1.33531,1.33533,1.33516,1.33522,296.0
2026-07-06 09:35:00,1.33522,1.33522,1.33497,1.33504,247.0
2026-07-06 09:36:00,1.33504,1.33512,1.335,1.335,267.0
2026-07-06 09:37:00,1.335,1.33507,1.33493,1.33504,245.0
2026-07-06 09:38:00,1.33504,1.3353,1.33503,1.33523,268.0
2026-07-06 09:39:00,1.33523,1.33524,1.33502,1.33504,272.0
2026-07-06 09:40:00,1.33504,1.33509,1.33496,1.33497,237.0
2026-07-06 09:41:00,1.33497,1.33504,1.33483,1.33486,259.0
2026-07-06 09:42:00,1.33486,1.33494,1.33477,1.33493,332.0
2026-07-06 09:43:00,1.33493,1.33496,1.33484,1.33489,201.0
2026-07-06 09:44:00,1.33489,1.33495,1.33485,1.33493,274.0
2026-07-06 09:45:00,1.33493,1.33496,1.33442,1.33444,267.0
2026-07-06 09:46:00,1.33444,1.33456,1.33423,1.33448,367.0
2026-07-06 09:47:00,1.33448,1.33455,1.33443,1.33444,269.0
2026-07-06 09:48:00,1.33444,1.33475,1.33441,1.33474,316.0
2026-07-06 09:49:00,1.33474,1.33495,1.33474,1.33491,278.0
2026-07-06 09:50:00,1.33491,1.33509,1.33475,1.33476,303.0
2026-07-06 09:51:00,1.33476,1.33508,1.33476,1.33505,337.0
2026-07-06 09:52:00,1.33505,1.33505,1.33465,1.33466,281.0
2026-07-06 09:53:00,1.33466,1.33474,1.33462,1.33466,273.0
2026-07-06 09:54:00,1.33466,1.33483,1.33446,1.33452,348.0
2026-07-06 09:55:00,1.33452,1.33462,1.33447,1.3346,289.0
2026-07-06 09:56:00,1.3346,1.33464,1.33444,1.33444,261.0
2026-07-06 09:57:00,1.33444,1.33446,1.33423,1.33428,186.0
2026-07-06 09:58:00,1.33428,1.33452,1.33427,1.33452,142.0
2026-07-06 09:59:00,1.33452,1.33461,1.33446,1.33455,164.0
2026-07-06 10:00:00,1.33455,1.33464,1.33437,1.33448,223.0
2026-07-06 10:01:00,1.33448,1.33457,1.33431,1.33453,180.0
2026-07-06 10:02:00,1.33453,1.33472,1.33451,1.33466,167.0
2026-07-06 10:03:00,1.33466,1.33513,1.33465,1.33503,301.0
2026-07-06 10:04:00,1.33503,1.33509,1.33498,1.33501,208.0
2026-07-06 10:05:00,1.33501,1.3353,1.33501,1.33524,285.0
2026-07-06 10:06:00,1.33524,1.33535,1.33521,1.33522,209.0
2026-07-06 10:07:00,1.33522,1.33534,1.33522,1.33522,237.0
2026-07-06 10:08:00,1.33522,1.33531,1.33512,1.33525,274.0
2026-07-06 10:09:00,1.33525,1.3353,1.33519,1.33524,228.0
2026-07-06 10:10:00,1.33524,1.33557,1.33523,1.33548,268.0
2026-07-06 10:11:00,1.33548,1.33551,1.33533,1.33539,198.0
2026-07-06 10:12:00,1.33539,1.33539,1.33521,1.33533,183.0
2026-07-06 10:13:00,1.33533,1.33558,1.33531,1.33557,155.0
2026-07-06 10:14:00,1.33557,1.33594,1.33554,1.33583,213.0
2026-07-06 10:15:00,1.33583,1.33588,1.33551,1.33551,317.0
2026-07-06 10:16:00,1.33551,1.33565,1.33551,1.33558,241.0
2026-07-06 10:17:00,1.33558,1.33571,1.33552,1.33565,201.0
2026-07-06 10:18:00,1.33565,1.33566,1.33553,1.33554,144.0
2026-07-06 10:19:00,1.33554,1.33565,1.33541,1.33563,204.0
2026-07-06 10:20:00,1.33563,1.33579,1.33561,1.33564,246.0
2026-07-06 10:21:00,1.33564,1.33577,1.33558,1.33575,230.0
2026-07-06 10:22:00,1.33575,1.33584,1.33573,1.33581,198.0
2026-07-06 10:23:00,1.33581,1.33583,1.33572,1.33582,146.0
2026-07-06 10:24:00,1.33582,1.33585,1.33563,1.33564,188.0
2026-07-06 10:25:00,1.33564,1.33575,1.33562,1.33575,213.0
2026-07-06 10:26:00,1.33575,1.33575,1.33553,1.33566,245.0
2026-07-06 10:27:00,1.33566,1.33575,1.33562,1.33563,189.0
2026-07-06 10:28:00,1.33563,1.33582,1.3356,1.33581,223.0
2026-07-06 10:29:00,1.33581,1.33581,1.33542,1.33552,232.0
2026-07-06 10:30:00,1.33552,1.33556,1.33533,1.33535,238.0
2026-07-06 10:31:00,1.33535,1.33546,1.33522,1.33537,237.0
2026-07-06 10:32:00,1.33537,1.33551,1.33534,1.33546,223.0
2026-07-06 10:33:00,1.33546,1.33563,1.33542,1.33549,206.0
2026-07-06 10:34:00,1.33549,1.33565,1.33549,1.33562,204.0
2026-07-06 10:35:00,1.33562,1.33565,1.33552,1.33552,215.0
2026-07-06 10:36:00,1.33552,1.33557,1.33542,1.33553,186.0
2026-07-06 10:37:00,1.33553,1.33553,1.33532,1.33533,152.0
2026-07-06 10:38:00,1.33533,1.33544,1.3353,1.33533,193.0
2026-07-06 10:39:00,1.33533,1.33533,1.33511,1.33512,218.0
2026-07-06 10:40:00,1.33512,1.33515,1.33502,1.33507,202.0
2026-07-06 10:41:00,1.33507,1.33515,1.33499,1.33503,238.0
2026-07-06 10:42:00,1.33503,1.33514,1.33495,1.33503,303.0
2026-07-06 10:43:00,1.33503,1.33507,1.33483,1.33486,266.0
2026-07-06 10:44:00,1.33486,1.33492,1.3347,1.33474,259.0
2026-07-06 10:45:00,1.33474,1.33507,1.33471,1.33503,335.0
2026-07-06 10:46:00,1.33503,1.33506,1.3349,1.33494,258.0
2026-07-06 10:47:00,1.33494,1.33494,1.33474,1.33481,212.0
2026-07-06 10:48:00,1.33481,1.33487,1.33479,1.33486,192.0
2026-07-06 10:49:00,1.33486,1.33497,1.33481,1.33481,174.0
2026-07-06 10:50:00,1.33481,1.33501,1.33473,1.33475,308.0
2026-07-06 10:51:00,1.33475,1.3349,1.33475,1.33484,150.0
2026-07-06 10:52:00,1.33484,1.33525,1.33484,1.33524,246.0
2026-07-06 10:53:00,1.33524,1.33534,1.33515,1.33528,301.0
2026-07-06 10:54:00,1.33528,1.33549,1.33525,1.33545,219.0
2026-07-06 10:55:00,1.33545,1.33563,1.33542,1.33557,209.0
2026-07-06 10:56:00,1.33557,1.33558,1.33548,1.33556,155.0
2026-07-06 10:57:00,1.33556,1.33575,1.3353,1.33568,376.0
2026-07-06 10:58:00,1.33568,1.33568,1.33543,1.33545,201.0
2026-07-06 10:59:00,1.33545,1.33562,1.33541,1.33562,184.0
2026-07-06 11:00:00,1.33562,1.33573,1.33554,1.33571,235.0
2026-07-06 11:01:00,1.33571,1.33573,1.33559,1.33564,228.0
2026-07-06 11:02:00,1.33564,1.3359,1.33563,1.33581,262.0
2026-07-06 11:03:00,1.33581,1.33605,1.33581,1.33583,270.0
2026-07-06 11:04:00,1.33583,1.33596,1.33583,1.33586,260.0
2026-07-06 11:05:00,1.33586,1.33596,1.33582,1.33592,243.0
2026-07-06 11:06:00,1.33592,1.33606,1.33585,1.33605,257.0
2026-07-06 11:07:00,1.33605,1.33611,1.33584,1.33584,263.0
2026-07-06 11:08:00,1.33584,1.33593,1.33577,1.33583,303.0
2026-07-06 11:09:00,1.33583,1.33586,1.33574,1.33583,295.0
2026-07-06 11:10:00,1.33583,1.33584,1.33567,1.33573,188.0
2026-07-06 11:11:00,1.33573,1.33576,1.33566,1.33569,191.0
2026-07-06 11:12:00,1.33569,1.3357,1.33553,1.33553,190.0
2026-07-06 11:13:00,1.33553,1.33557,1.33551,1.33554,170.0
2026-07-06 11:14:00,1.33554,1.33568,1.33544,1.33567,238.0
2026-07-06 11:15:00,1.33567,1.33572,1.33563,1.33568,206.0
2026-07-06 11:16:00,1.33568,1.33569,1.33523,1.33523,322.0
2026-07-06 11:17:00,1.33523,1.33545,1.33517,1.33543,305.0
2026-07-06 11:18:00,1.33543,1.33543,1.33524,1.33533,186.0
2026-07-06 11:19:00,1.33533,1.33536,1.3352,1.3352,179.0
2026-07-06 11:20:00,1.3352,1.33535,1.3352,1.33528,227.0
2026-07-06 11:21:00,1.33528,1.33536,1.33525,1.33534,190.0
2026-07-06 11:22:00,1.33534,1.33552,1.33534,1.33547,311.0
2026-07-06 11:23:00,1.33547,1.33559,1.33547,1.33557,147.0
2026-07-06 11:24:00,1.33557,1.33567,1.33545,1.33545,154.0
2026-07-06 11:25:00,1.33545,1.33554,1.33545,1.33551,176.0
2026-07-06 11:26:00,1.33551,1.33556,1.33535,1.3354,265.0
2026-07-06 11:27:00,1.3354,1.33544,1.33529,1.33544,233.0
2026-07-06 11:28:00,1.33544,1.33549,1.33535,1.33539,177.0
2026-07-06 11:29:00,1.33539,1.33556,1.33532,1.33555,246.0
2026-07-06 11:30:00,1.33555,1.33567,1.33553,1.33561,207.0
2026-07-06 11:31:00,1.33561,1.33573,1.33561,1.33573,120.0
2026-07-06 11:32:00,1.33573,1.33577,1.33559,1.3356,237.0
2026-07-06 11:33:00,1.3356,1.33583,1.3356,1.33582,212.0
2026-07-06 11:34:00,1.33582,1.33584,1.33573,1.33574,170.0
2026-07-06 11:35:00,1.33574,1.33576,1.33552,1.33553,199.0
2026-07-06 11:36:00,1.33553,1.33567,1.33553,1.33562,118.0
2026-07-06 11:37:00,1.33562,1.33576,1.33561,1.33567,142.0
2026-07-06 11:38:00,1.33567,1.33585,1.33567,1.33585,190.0
2026-07-06 11:39:00,1.33585,1.33585,1.33563,1.33575,191.0
2026-07-06 11:40:00,1.33575,1.33591,1.33572,1.33591,183.0
2026-07-06 11:41:00,1.33591,1.33604,1.33591,1.33604,183.0
2026-07-06 11:42:00,1.33604,1.33605,1.33597,1.33604,133.0
2026-07-06 11:43:00,1.33604,1.33622,1.33601,1.33622,217.0
2026-07-06 11:44:00,1.33622,1.33641,1.33618,1.33627,280.0
2026-07-06 11:45:00,1.33627,1.33641,1.33627,1.33633,245.0
2026-07-06 11:46:00,1.33633,1.33643,1.33624,1.33628,243.0
2026-07-06 11:47:00,1.33628,1.33644,1.33625,1.33641,179.0
2026-07-06 11:48:00,1.33641,1.33643,1.33633,1.33635,154.0
2026-07-06 11:49:00,1.33635,1.33645,1.33635,1.33642,155.0
2026-07-06 11:50:00,1.33642,1.33653,1.33642,1.3365,215.0
2026-07-06 11:51:00,1.3365,1.33663,1.33644,1.33663,270.0
2026-07-06 11:52:00,1.33663,1.33678,1.33655,1.33656,289.0
2026-07-06 11:53:00,1.33656,1.33664,1.33643,1.33643,278.0
2026-07-06 11:54:00,1.33643,1.33655,1.33643,1.33653,132.0
2026-07-06 11:55:00,1.33653,1.33653,1.3364,1.33643,146.0
2026-07-06 11:56:00,1.33643,1.3366,1.33643,1.33645,205.0
2026-07-06 11:57:00,1.33645,1.3366,1.33641,1.33659,324.0
2026-07-06 11:58:00,1.33659,1.33675,1.33658,1.3367,258.0
2026-07-06 11:59:00,1.3367,1.33682,1.3367,1.33677,143.0
2026-07-06 12:00:00,1.33677,1.3368,1.33667,1.33674,244.0
2026-07-06 12:01:00,1.33674,1.33683,1.33671,1.33677,272.0
2026-07-06 12:02:00,1.33677,1.33677,1.33658,1.33673,306.0
2026-07-06 12:03:00,1.33673,1.33677,1.33662,1.33674,239.0
2026-07-06 12:04:00,1.33674,1.33683,1.33674,1.33678,163.0
2026-07-06 12:05:00,1.33678,1.33685,1.33672,1.33679,223.0
2026-07-06 12:06:00,1.33679,1.3368,1.33669,1.33672,195.0
2026-07-06 12:07:00,1.33672,1.33674,1.33662,1.33672,177.0
2026-07-06 12:08:00,1.33672,1.33694,1.33671,1.33693,198.0
2026-07-06 12:09:00,1.33693,1.33694,1.33684,1.33689,188.0
2026-07-06 12:10:00,1.33689,1.33694,1.33685,1.33692,142.0
2026-07-06 12:11:00,1.33692,1.33695,1.33687,1.33695,112.0
2026-07-06 12:12:00,1.33695,1.33695,1.3368,1.33681,147.0
2026-07-06 12:13:00,1.33681,1.33682,1.33661,1.33663,156.0
2026-07-06 12:14:00,1.33663,1.33664,1.33659,1.33662,61.0
2026-07-06 12:15:00,1.33662,1.33675,1.3366,1.33664,184.0
2026-07-06 12:16:00,1.33664,1.33665,1.33652,1.33659,135.0
2026-07-06 12:17:00,1.33659,1.33666,1.33658,1.33665,81.0
2026-07-06 12:18:00,1.33665,1.33684,1.33662,1.33682,123.0
2026-07-06 12:19:00,1.33682,1.33697,1.3368,1.33692,111.0
2026-07-06 12:20:00,1.33692,1.33702,1.33691,1.33701,119.0
2026-07-06 12:21:00,1.33701,1.33723,1.33699,1.33718,225.0
2026-07-06 12:22:00,1.33718,1.33733,1.33712,1.33724,230.0
2026-07-06 12:23:00,1.33724,1.33735,1.33722,1.33734,199.0
2026-07-06 12:24:00,1.33734,1.33739,1.33717,1.33725,156.0
2026-07-06 12:25:00,1.33725,1.33725,1.33722,1.33724,103.0
2026-07-06 12:26:00,1.33724,1.33735,1.33723,1.33734,116.0
2026-07-06 12:27:00,1.33734,1.33739,1.3373,1.33737,143.0
2026-07-06 12:28:00,1.33737,1.33741,1.33734,1.3374,134.0
2026-07-06 12:29:00,1.3374,1.33743,1.3374,1.33741,135.0
2026-07-06 12:30:00,1.33741,1.33741,1.33721,1.33727,217.0
2026-07-06 12:31:00,1.33727,1.3374,1.33726,1.33731,162.0
2026-07-06 12:32:00,1.33731,1.33731,1.33713,1.33713,173.0
2026-07-06 12:33:00,1.33713,1.33725,1.33713,1.33723,174.0
2026-07-06 12:34:00,1.33723,1.33725,1.33717,1.33721,119.0
2026-07-06 12:35:00,1.33721,1.33721,1.33712,1.33713,127.0
2026-07-06 12:36:00,1.33713,1.33721,1.33711,1.3372,131.0
2026-07-06 12:37:00,1.3372,1.33724,1.33719,1.33721,107.0
2026-07-06 12:38:00,1.33721,1.33724,1.33715,1.33717,106.0
2026-07-06 12:39:00,1.33717,1.33724,1.33712,1.33723,111.0
2026-07-06 12:40:00,1.33723,1.33723,1.33707,1.33712,172.0
2026-07-06 12:41:00,1.33712,1.33717,1.33712,1.33713,158.0
2026-07-06 12:42:00,1.33713,1.33715,1.33711,1.33715,102.0
2026-07-06 12:43:00,1.33715,1.33715,1.3371,1.33711,127.0
2026-07-06 12:44:00,1.33711,1.33722,1.33706,1.33721,160.0
2026-07-06 12:45:00,1.33721,1.33722,1.3371,1.33714,169.0
2026-07-06 12:46:00,1.33714,1.33725,1.33714,1.33718,174.0
2026-07-06 12:47:00,1.33718,1.33719,1.33713,1.33717,228.0
2026-07-06 12:48:00,1.33717,1.33725,1.33717,1.3372,111.0
2026-07-06 12:49:00,1.3372,1.3373,1.33718,1.3373,147.0
2026-07-06 12:50:00,1.3373,1.33746,1.3373,1.33744,116.0
2026-07-06 12:51:00,1.33744,1.33746,1.3374,1.3374,119.0
2026-07-06 12:52:00,1.3374,1.33746,1.33737,1.33746,90.0
2026-07-06 12:53:00,1.33746,1.33746,1.33741,1.33745,128.0
2026-07-06 12:54:00,1.33745,1.33764,1.33745,1.33759,350.0
2026-07-06 12:55:00,1.33759,1.3376,1.33749,1.33752,219.0
2026-07-06 12:56:00,1.33752,1.33764,1.33751,1.33761,182.0
2026-07-06 12:57:00,1.33761,1.33766,1.33752,1.33753,178.0
2026-07-06 12:58:00,1.33753,1.33756,1.3375,1.33754,133.0
2026-07-06 12:59:00,1.33754,1.33759,1.33752,1.33755,147.0
2026-07-06 13:00:00,1.33755,1.33762,1.33751,1.33755,213.0
2026-07-06 13:01:00,1.33755,1.33755,1.33748,1.33749,123.0
2026-07-06 13:02:00,1.33749,1.33772,1.33749,1.33771,248.0
2026-07-06 13:03:00,1.33771,1.33777,1.33763,1.33766,152.0
2026-07-06 13:04:00,1.33766,1.33767,1.33754,1.33755,147.0
2026-07-06 13:05:00,1.33755,1.33766,1.33755,1.33766,140.0
2026-07-06 13:06:00,1.33766,1.33767,1.33761,1.33762,123.0
2026-07-06 13:07:00,1.33762,1.3377,1.33761,1.33769,151.0
2026-07-06 13:08:00,1.33769,1.33772,1.33763,1.33764,94.0
2026-07-06 13:09:00,1.33764,1.3377,1.33763,1.33769,117.0
2026-07-06 13:10:00,1.33769,1.3377,1.33763,1.33764,152.0
2026-07-06 13:11:00,1.33764,1.33765,1.3376,1.3376,125.0
2026-07-06 13:12:00,1.3376,1.33772,1.33755,1.33767,253.0
2026-07-06 13:13:00,1.33767,1.33778,1.33767,1.33777,76.0
2026-07-06 13:14:00,1.33777,1.3378,1.33774,1.33779,96.0
2026-07-06 13:15:00,1.33779,1.33781,1.33776,1.33777,59.0
2026-07-06 13:16:00,1.33777,1.33778,1.33768,1.3377,94.0
2026-07-06 13:17:00,1.3377,1.33777,1.33769,1.33774,141.0
2026-07-06 13:18:00,1.33774,1.33776,1.33766,1.33769,171.0
2026-07-06 13:19:00,1.33769,1.33776,1.33769,1.33774,85.0
2026-07-06 13:20:00,1.33774,1.33778,1.3377,1.33771,101.0
2026-07-06 13:21:00,1.33771,1.33775,1.3377,1.33774,88.0
2026-07-06 13:22:00,1.33774,1.33792,1.33774,1.33792,100.0
2026-07-06 13:23:00,1.33792,1.33801,1.3379,1.3379,257.0
2026-07-06 13:24:00,1.3379,1.33792,1.33784,1.33789,242.0
2026-07-06 13:25:00,1.33789,1.33801,1.33786,1.33801,171.0
2026-07-06 13:26:00,1.33801,1.33803,1.338,1.33802,62.0
2026-07-06 13:27:00,1.33802,1.33802,1.33798,1.33798,64.0
2026-07-06 13:28:00,1.33798,1.33808,1.33795,1.33805,198.0
2026-07-06 13:29:00,1.33805,1.33807,1.33791,1.33791,184.0
2026-07-06 13:30:00,1.33791,1.33791,1.33782,1.3379,159.0
2026-07-06 13:31:00,1.3379,1.33805,1.3379,1.33804,113.0
2026-07-06 13:32:00,1.33804,1.33807,1.33801,1.33804,79.0
2026-07-06 13:33:00,1.33804,1.33805,1.338,1.33801,131.0
2026-07-06 13:34:00,1.33801,1.33806,1.33801,1.33804,137.0
2026-07-06 13:35:00,1.33804,1.33807,1.33794,1.33795,104.0
2026-07-06 13:36:00,1.33795,1.33801,1.3379,1.338,69.0
2026-07-06 13:37:00,1.338,1.33809,1.338,1.33804,88.0
2026-07-06 13:38:00,1.33804,1.3382,1.33804,1.3382,161.0
2026-07-06 13:39:00,1.3382,1.33826,1.33817,1.33823,122.0
2026-07-06 13:40:00,1.33823,1.33825,1.33819,1.33822,99.0
2026-07-06 13:41:00,1.33822,1.33824,1.33813,1.33823,159.0
2026-07-06 13:42:00,1.33823,1.33823,1.33809,1.33823,127.0
2026-07-06 13:43:00,1.33823,1.33839,1.33822,1.33831,140.0
2026-07-06 13:44:00,1.33831,1.33833,1.33829,1.33829,81.0
2026-07-06 13:45:00,1.33829,1.33829,1.33814,1.33824,199.0
2026-07-06 13:46:00,1.33824,1.33827,1.3382,1.33824,171.0
2026-07-06 13:47:00,1.33824,1.33824,1.3382,1.3382,55.0
2026-07-06 13:48:00,1.3382,1.33823,1.33814,1.33817,140.0
2026-07-06 13:49:00,1.33817,1.33822,1.33815,1.33821,129.0
2026-07-06 13:50:00,1.33821,1.33822,1.33817,1.33821,104.0
2026-07-06 13:51:00,1.33821,1.33828,1.33819,1.33826,91.0
2026-07-06 13:52:00,1.33826,1.33841,1.33822,1.3383,172.0
2026-07-06 13:53:00,1.3383,1.33831,1.33821,1.33821,95.0
2026-07-06 13:54:00,1.33821,1.33823,1.3382,1.33822,75.0
2026-07-06 13:55:00,1.33822,1.33824,1.33815,1.33818,92.0
2026-07-06 13:56:00,1.33818,1.33825,1.33816,1.33816,103.0
2026-07-06 13:57:00,1.33816,1.33827,1.33816,1.33823,100.0
2026-07-06 13:58:00,1.33823,1.33824,1.33819,1.3382,79.0
2026-07-06 13:59:00,1.3382,1.33821,1.33815,1.33817,146.0
2026-07-06 14:00:00,1.33817,1.33823,1.33815,1.33817,141.0
2026-07-06 14:01:00,1.33817,1.33828,1.33813,1.33828,175.0
2026-07-06 14:02:00,1.33828,1.33828,1.33821,1.33821,125.0
2026-07-06 14:03:00,1.33821,1.33823,1.33819,1.33821,58.0
2026-07-06 14:04:00,1.33821,1.33824,1.33819,1.33824,85.0
2026-07-06 14:05:00,1.33824,1.33824,1.3382,1.33823,72.0
2026-07-06 14:06:00,1.33823,1.33824,1.33819,1.33819,61.0
2026-07-06 14:07:00,1.33819,1.33821,1.33812,1.3382,90.0
2026-07-06 14:08:00,1.3382,1.33822,1.33812,1.33813,100.0
2026-07-06 14:09:00,1.33813,1.33815,1.3381,1.33815,108.0
2026-07-06 14:10:00,1.33815,1.33815,1.33808,1.33812,77.0
2026-07-06 14:11:00,1.33812,1.33821,1.33811,1.33819,155.0
2026-07-06 14:12:00,1.33819,1.33823,1.33819,1.33822,101.0
2026-07-06 14:13:00,1.33822,1.33824,1.33821,1.33823,81.0
2026-07-06 14:14:00,1.33823,1.33823,1.33819,1.3382,60.0
2026-07-06 14:15:00,1.3382,1.33823,1.3382,1.33821,50.0
2026-07-06 14:16:00,1.33821,1.33837,1.33821,1.33834,97.0
2026-07-06 14:17:00,1.33834,1.33834,1.3383,1.33831,22.0
2026-07-06 14:18:00,1.33831,1.33832,1.33829,1.33832,46.0
2026-07-06 14:19:00,1.33832,1.3384,1.33832,1.33832,74.0
2026-07-06 14:20:00,1.33832,1.33837,1.33832,1.33835,124.0
2026-07-06 14:21:00,1.33835,1.33835,1.33831,1.33833,114.0
2026-07-06 14:22:00,1.33833,1.33833,1.3383,1.33832,65.0
2026-07-06 14:23:00,1.33832,1.33834,1.3383,1.3383,62.0
2026-07-06 14:24:00,1.3383,1.33834,1.33829,1.33834,85.0
2026-07-06 14:25:00,1.33834,1.3384,1.33833,1.3384,17.0
2026-07-06 14:26:00,1.3384,1.33848,1.3384,1.33843,128.0
2026-07-06 14:27:00,1.33843,1.33853,1.33843,1.33849,89.0
2026-07-06 14:28:00,1.33849,1.33861,1.33849,1.33856,157.0
2026-07-06 14:29:00,1.33856,1.33866,1.33856,1.33866,89.0
2026-07-06 14:30:00,1.33866,1.33866,1.33852,1.33855,180.0
2026-07-06 14:31:00,1.33855,1.33862,1.33855,1.33861,88.0
2026-07-06 14:32:00,1.33861,1.33872,1.33861,1.33871,294.0
2026-07-06 14:33:00,1.33871,1.33899,1.33871,1.33889,255.0
2026-07-06 14:34:00,1.33889,1.33917,1.33889,1.33903,167.0
2026-07-06 14:35:00,1.33903,1.33918,1.33902,1.33914,196.0
2026-07-06 14:36:00,1.33914,1.33918,1.33902,1.3391,195.0
2026-07-06 14:37:00,1.3391,1.33913,1.33904,1.3391,132.0
2026-07-06 14:38:00,1.3391,1.33915,1.33904,1.33905,131.0
2026-07-06 14:39:00,1.33905,1.33918,1.33901,1.33911,150.0
2026-07-06 14:40:00,1.33911,1.33917,1.3391,1.33915,67.0
2026-07-06 14:41:00,1.33915,1.33917,1.33911,1.33911,76.0
2026-07-06 14:42:00,1.33911,1.33912,1.33902,1.33905,87.0
2026-07-06 14:43:00,1.33905,1.33913,1.33905,1.33912,61.0
2026-07-06 14:44:00,1.33912,1.33913,1.3391,1.33911,47.0
2026-07-06 14:45:00,1.33911,1.33915,1.3391,1.33915,90.0
2026-07-06 14:46:00,1.33915,1.33944,1.33914,1.33944,130.0
2026-07-06 14:47:00,1.33944,1.33951,1.33934,1.33934,208.0
2026-07-06 14:48:00,1.33934,1.33943,1.33931,1.33943,112.0
2026-07-06 14:49:00,1.33943,1.33955,1.33941,1.33953,118.0
2026-07-06 14:50:00,1.33953,1.33954,1.33951,1.33954,123.0
2026-07-06 14:51:00,1.33954,1.33954,1.3395,1.33952,114.0
2026-07-06 14:52:00,1.33952,1.33955,1.33944,1.3395,115.0
2026-07-06 14:53:00,1.3395,1.33951,1.33945,1.33947,49.0
2026-07-06 14:54:00,1.33947,1.33947,1.3394,1.33941,106.0
2026-07-06 14:55:00,1.33941,1.33957,1.33941,1.33956,109.0
2026-07-06 14:56:00,1.33956,1.33971,1.33956,1.33956,103.0
2026-07-06 14:57:00,1.33956,1.33965,1.33954,1.33963,129.0
2026-07-06 14:58:00,1.33963,1.33964,1.33956,1.33958,152.0
2026-07-06 14:59:00,1.33958,1.33958,1.33942,1.33944,190.0
2026-07-06 15:00:00,1.33944,1.33956,1.33941,1.33943,188.0
2026-07-06 15:01:00,1.33943,1.33945,1.33937,1.33937,135.0
2026-07-06 15:02:00,1.33937,1.33941,1.33932,1.33939,117.0
2026-07-06 15:03:00,1.33939,1.33969,1.33934,1.33964,160.0
2026-07-06 15:04:00,1.33964,1.33967,1.3396,1.33965,98.0
2026-07-06 15:05:00,1.33965,1.33967,1.33962,1.33962,69.0
2026-07-06 15:06:00,1.33962,1.33963,1.33954,1.33955,129.0
2026-07-06 15:07:00,1.33955,1.33957,1.33948,1.33948,109.0
2026-07-06 15:08:00,1.33948,1.33955,1.33948,1.3395,69.0
2026-07-06 15:09:00,1.3395,1.33953,1.33934,1.33934,74.0
2026-07-06 15:10:00,1.33934,1.33937,1.33923,1.33937,151.0
2026-07-06 15:11:00,1.33937,1.3394,1.33934,1.33937,100.0
2026-07-06 15:12:00,1.33937,1.33938,1.33933,1.33933,103.0
2026-07-06 15:13:00,1.33933,1.33934,1.33931,1.33933,80.0
2026-07-06 15:14:00,1.33933,1.33942,1.33933,1.33934,140.0
2026-07-06 15:15:00,1.33934,1.33935,1.33929,1.33929,129.0
2026-07-06 15:16:00,1.33929,1.33931,1.33922,1.33923,127.0
2026-07-06 15:17:00,1.33923,1.33931,1.33919,1.33921,94.0
2026-07-06 15:18:00,1.33921,1.33926,1.33921,1.33924,115.0
2026-07-06 15:19:00,1.33924,1.33925,1.33921,1.33922,81.0
2026-07-06 15:20:00,1.33922,1.33925,1.3391,1.33912,102.0
2026-07-06 15:21:00,1.33912,1.33921,1.3391,1.33911,157.0
2026-07-06 15:22:00,1.33911,1.33913,1.33905,1.33905,81.0
2026-07-06 15:23:00,1.33905,1.33905,1.33901,1.33903,117.0
2026-07-06 15:24:00,1.33903,1.33903,1.33898,1.33902,86.0
2026-07-06 15:25:00,1.33902,1.33904,1.33899,1.33902,122.0
2026-07-06 15:26:00,1.33902,1.33902,1.33894,1.33902,83.0
2026-07-06 15:27:00,1.33902,1.3391,1.33901,1.33904,121.0
2026-07-06 15:28:00,1.33904,1.33905,1.33895,1.33901,111.0
2026-07-06 15:29:00,1.33901,1.33905,1.339,1.339,146.0
2026-07-06 15:30:00,1.339,1.33913,1.339,1.33904,134.0
2026-07-06 15:31:00,1.33904,1.33912,1.33903,1.33911,195.0
2026-07-06 15:32:00,1.33911,1.33918,1.33909,1.33918,39.0
2026-07-06 15:33:00,1.33918,1.33922,1.33915,1.3392,85.0
2026-07-06 15:34:00,1.3392,1.33921,1.3391,1.3391,97.0
2026-07-06 15:35:00,1.3391,1.33918,1.3391,1.33915,104.0
2026-07-06 15:36:00,1.33915,1.33922,1.33912,1.33915,177.0
2026-07-06 15:37:00,1.33915,1.33917,1.33909,1.3391,110.0
2026-07-06 15:38:00,1.3391,1.3391,1.33909,1.33909,36.0
2026-07-06 15:39:00,1.33909,1.33914,1.33907,1.33913,106.0
2026-07-06 15:40:00,1.33913,1.33914,1.33912,1.33912,102.0
2026-07-06 15:41:00,1.33912,1.33916,1.33912,1.33915,198.0
2026-07-06 15:42:00,1.33915,1.33916,1.33911,1.33912,118.0
2026-07-06 15:43:00,1.33912,1.33915,1.33905,1.3391,105.0
2026-07-06 15:44:00,1.3391,1.33913,1.3391,1.3391,51.0
2026-07-06 15:45:00,1.3391,1.33914,1.33909,1.33911,78.0
2026-07-06 15:46:00,1.33911,1.33913,1.3391,1.33911,50.0
2026-07-06 15:47:00,1.33911,1.33911,1.3391,1.3391,49.0
2026-07-06 15:48:00,1.3391,1.3391,1.33903,1.33907,89.0
2026-07-06 15:49:00,1.33907,1.33917,1.33907,1.33913,104.0
2026-07-06 15:50:00,1.33913,1.33918,1.33911,1.33914,205.0
2026-07-06 15:51:00,1.33914,1.33926,1.33914,1.33923,108.0
2026-07-06 15:52:00,1.33923,1.33934,1.33923,1.33932,133.0
2026-07-06 15:53:00,1.33932,1.33932,1.33919,1.3392,110.0
2026-07-06 15:54:00,1.3392,1.33923,1.33912,1.33921,121.0
2026-07-06 15:55:00,1.33921,1.33927,1.33919,1.33921,107.0
2026-07-06 15:56:00,1.33921,1.33921,1.33901,1.33901,151.0
2026-07-06 15:57:00,1.33901,1.33911,1.33896,1.3391,166.0
2026-07-06 15:58:00,1.3391,1.33916,1.33905,1.33906,113.0
2026-07-06 15:59:00,1.33906,1.33922,1.33904,1.3392,173.0
2026-07-06 16:00:00,1.3392,1.33923,1.33917,1.33922,137.0
2026-07-06 16:01:00,1.33922,1.33923,1.33916,1.33923,165.0
2026-07-06 16:02:00,1.33923,1.33924,1.33914,1.33916,198.0
2026-07-06 16:03:00,1.33916,1.3392,1.33915,1.33917,147.0
2026-07-06 16:04:00,1.33917,1.33929,1.33917,1.33925,128.0
2026-07-06 16:05:00,1.33925,1.33925,1.33919,1.33923,82.0
2026-07-06 16:06:00,1.33923,1.33923,1.3392,1.3392,44.0
2026-07-06 16:07:00,1.3392,1.33922,1.33917,1.3392,64.0
2026-07-06 16:08:00,1.3392,1.33924,1.33919,1.33923,44.0
2026-07-06 16:09:00,1.33923,1.33924,1.33919,1.33921,49.0
2026-07-06 16:10:00,1.33921,1.33922,1.33919,1.3392,58.0
2026-07-06 16:11:00,1.3392,1.33923,1.3392,1.3392,61.0
2026-07-06 16:12:00,1.3392,1.33927,1.33917,1.33921,76.0
2026-07-06 16:13:00,1.33921,1.33921,1.33913,1.33918,95.0
2026-07-06 16:14:00,1.33918,1.33918,1.339,1.33901,82.0
2026-07-06 16:15:00,1.33901,1.33901,1.33888,1.33888,40.0
2026-07-06 16:16:00,1.33888,1.33888,1.33882,1.33887,82.0
2026-07-06 16:17:00,1.33887,1.33893,1.33885,1.33891,70.0
2026-07-06 16:18:00,1.33891,1.33896,1.33889,1.33896,61.0
2026-07-06 16:19:00,1.33896,1.33896,1.33893,1.33895,61.0
2026-07-06 16:20:00,1.33895,1.33895,1.3389,1.33892,24.0
2026-07-06 16:21:00,1.33892,1.33894,1.33891,1.33894,37.0
2026-07-06 16:22:00,1.33894,1.33897,1.33892,1.33894,56.0
2026-07-06 16:23:00,1.33894,1.33903,1.33893,1.33899,51.0
2026-07-06 16:24:00,1.33899,1.33903,1.33899,1.33902,11.0
2026-07-06 16:25:00,1.33902,1.33905,1.33899,1.33899,38.0
2026-07-06 16:26:00,1.33899,1.33905,1.33899,1.33903,68.0
2026-07-06 16:27:00,1.33903,1.33914,1.33903,1.33912,58.0
2026-07-06 16:28:00,1.33912,1.33915,1.33908,1.33911,58.0
2026-07-06 16:29:00,1.33911,1.33914,1.3391,1.33911,539.0
2026-07-06 16:30:00,1.33911,1.33912,1.33909,1.3391,25.0
2026-07-06 16:31:00,1.3391,1.33911,1.3391,1.33911,28.0
2026-07-06 16:32:00,1.33911,1.33912,1.3391,1.33911,21.0
2026-07-06 16:33:00,1.33911,1.33912,1.33908,1.33908,29.0
2026-07-06 16:34:00,1.33908,1.33909,1.33908,1.33908,24.0
2026-07-06 16:35:00,1.33908,1.33908,1.33891,1.33892,55.0
2026-07-06 16:36:00,1.33892,1.33894,1.33892,1.33892,26.0
2026-07-06 16:37:00,1.33892,1.33893,1.33891,1.33891,15.0
2026-07-06 16:38:00,1.33891,1.33893,1.33891,1.33892,41.0
2026-07-06 16:39:00,1.33892,1.33893,1.33891,1.33892,36.0
2026-07-06 16:40:00,1.33892,1.33892,1.33883,1.33884,42.0
2026-07-06 16:41:00,1.33887,1.33894,1.33887,1.33892,37.0
2026-07-06 16:42:00,1.33891,1.33893,1.3389,1.33893,45.0
2026-07-06 16:43:00,1.33892,1.33893,1.33891,1.33892,22.0
2026-07-06 16:44:00,1.33891,1.33892,1.3389,1.33892,30.0
2026-07-06 16:45:00,1.3389,1.3389,1.33888,1.3389,41.0
2026-07-06 16:46:00,1.33885,1.33889,1.33885,1.33888,84.0
2026-07-06 16:47:00,1.33887,1.33889,1.33887,1.33888,39.0
2026-07-06 16:48:00,1.3389,1.33891,1.3389,1.33891,19.0
2026-07-06 16:49:00,1.33892,1.33893,1.33891,1.33891,52.0
2026-07-06 16:50:00,1.33895,1.33896,1.33892,1.33893,58.0
2026-07-06 16:51:00,1.33896,1.33897,1.33893,1.33893,38.0
2026-07-06 16:52:00,1.33892,1.33893,1.33892,1.33892,19.0
2026-07-06 16:53:00,1.33893,1.33895,1.33893,1.33894,21.0
2026-07-06 16:54:00,1.33892,1.33895,1.33892,1.33895,23.0
2026-07-06 16:55:00,1.33894,1.33895,1.33893,1.33895,21.0
2026-07-06 16:56:00,1.33894,1.33894,1.33892,1.33892,11.0
2026-07-06 16:57:00,1.33891,1.33891,1.3389,1.33891,21.0
2026-07-06 16:58:00,1.33892,1.33894,1.33892,1.33894,15.0
2026-07-06 16:59:00,1.33891,1.33897,1.33879,1.33879,147.0
2026-07-06 17:00:00,1.33875,1.33875,1.33875,1.33875,7.0
2026-07-06 17:03:00,1.33801,1.33801,1.33801,1.33801,1.0
2026-07-06 17:04:00,1.33803,1.33813,1.338,1.33806,20.0
2026-07-06 17:05:00,1.3384,1.33842,1.33835,1.33835,23.0
2026-07-06 17:06:00,1.33833,1.33845,1.33833,1.33845,22.0
2026-07-06 17:07:00,1.33831,1.33842,1.33814,1.33826,13.0
2026-07-06 17:08:00,1.33825,1.3386,1.33824,1.33847,31.0
2026-07-06 17:09:00,1.33851,1.33887,1.33851,1.33884,52.0
2026-07-06 17:10:00,1.33879,1.33879,1.3385,1.3385,36.0
2026-07-06 17:11:00,1.33856,1.33868,1.3384,1.3384,44.0
2026-07-06 17:12:00,1.33855,1.33855,1.33837,1.3385,37.0
2026-07-06 17:13:00,1.3384,1.33849,1.33834,1.33834,49.0
2026-07-06 17:14:00,1.33837,1.33841,1.3383,1.33841,42.0
2026-07-06 17:15:00,1.3383,1.33831,1.3383,1.33831,36.0
2026-07-06 17:16:00,1.33826,1.33828,1.33824,1.33828,112.0
2026-07-06 17:17:00,1.33827,1.33836,1.33826,1.33833,67.0
2026-07-06 17:18:00,1.33834,1.33835,1.3383,1.3383,39.0
2026-07-06 17:19:00,1.33832,1.33836,1.33831,1.33834,29.0
2026-07-06 17:20:00,1.33836,1.33845,1.33833,1.33845,31.0
2026-07-06 17:21:00,1.33845,1.3385,1.3383,1.3385,44.0
2026-07-06 17:22:00,1.33861,1.33893,1.33861,1.33893,60.0
2026-07-06 17:23:00,1.33892,1.33892,1.33859,1.33891,74.0
2026-07-06 17:24:00,1.3389,1.33914,1.33867,1.33867,78.0
2026-07-06 17:25:00,1.33853,1.33859,1.33845,1.33859,43.0
2026-07-06 17:26:00,1.33857,1.33859,1.33857,1.33858,12.0
2026-07-06 17:27:00,1.3386,1.3386,1.33858,1.3386,21.0
2026-07-06 17:28:00,1.33861,1.33862,1.33859,1.33861,15.0
2026-07-06 17:29:00,1.33861,1.33862,1.33858,1.33861,19.0
2026-07-06 17:30:00,1.33858,1.33866,1.33847,1.33847,66.0
2026-07-06 17:31:00,1.33859,1.33859,1.33846,1.33856,50.0
2026-07-06 17:32:00,1.33862,1.33862,1.33851,1.33851,46.0
2026-07-06 17:33:00,1.33856,1.33868,1.33837,1.33844,68.0
2026-07-06 17:34:00,1.3385,1.3385,1.33833,1.33839,48.0
2026-07-06 17:35:00,1.33833,1.33857,1.33833,1.3384,95.0
2026-07-06 17:36:00,1.33837,1.33854,1.33831,1.33854,130.0
2026-07-06 17:37:00,1.33848,1.3386,1.3384,1.33842,97.0
2026-07-06 17:38:00,1.33844,1.33863,1.33842,1.33858,149.0
2026-07-06 17:39:00,1.33866,1.33879,1.33861,1.33874,64.0
2026-07-06 17:40:00,1.33866,1.33876,1.33866,1.33869,33.0
2026-07-06 17:41:00,1.33838,1.33838,1.3383,1.33837,55.0
2026-07-06 17:42:00,1.33836,1.33839,1.33831,1.33831,163.0
2026-07-06 17:43:00,1.33835,1.33874,1.33831,1.33874,183.0
2026-07-06 17:44:00,1.33889,1.33889,1.33889,1.33889,49.0
2026-07-06 17:45:00,1.33885,1.33885,1.33837,1.33837,71.0
2026-07-06 17:46:00,1.33847,1.33863,1.33847,1.33858,121.0
2026-07-06 17:47:00,1.33862,1.33865,1.33841,1.33848,240.0
2026-07-06 17:48:00,1.33854,1.33854,1.33825,1.33829,145.0
2026-07-06 17:49:00,1.33829,1.33851,1.33829,1.33842,78.0
2026-07-06 17:50:00,1.33832,1.33852,1.33832,1.33852,54.0
2026-07-06 17:51:00,1.33843,1.33853,1.3383,1.33832,124.0
2026-07-06 17:52:00,1.33826,1.33836,1.33824,1.33824,78.0
2026-07-06 17:53:00,1.33834,1.33835,1.33826,1.33835,61.0
2026-07-06 17:54:00,1.33836,1.33843,1.33836,1.33843,31.0
2026-07-06 17:55:00,1.33853,1.33866,1.33843,1.33866,121.0
2026-07-06 17:56:00,1.33866,1.33887,1.33863,1.33883,114.0
2026-07-06 17:57:00,1.33888,1.33888,1.33866,1.33871,81.0
2026-07-06 17:58:00,1.33877,1.33879,1.33869,1.33871,60.0
2026-07-06 17:59:00,1.33869,1.33889,1.33868,1.33876,83.0
2026-07-06 18:00:00,1.33892,1.33931,1.33892,1.33931,88.0
2026-07-06 18:01:00,1.33926,1.33927,1.33924,1.33924,21.0
2026-07-06 18:02:00,1.33923,1.33924,1.33918,1.33919,27.0
2026-07-06 18:03:00,1.33912,1.33912,1.339,1.339,49.0
2026-07-06 18:04:00,1.33901,1.33903,1.33901,1.33903,13.0
2026-07-06 18:05:00,1.33902,1.33902,1.33901,1.33902,21.0
2026-07-06 18:06:00,1.33902,1.33902,1.33901,1.33902,21.0
2026-07-06 18:07:00,1.339,1.33901,1.339,1.33901,17.0
2026-07-06 18:08:00,1.339,1.33906,1.339,1.33906,32.0
2026-07-06 18:09:00,1.33902,1.33907,1.33902,1.33902,18.0
2026-07-06 18:10:00,1.33904,1.33905,1.33904,1.33905,57.0
2026-07-06 18:11:00,1.33904,1.33918,1.33904,1.33916,37.0
2026-07-06 18:12:00,1.33917,1.33922,1.33917,1.33919,11.0
2026-07-06 18:13:00,1.3392,1.3392,1.33919,1.3392,8.0
2026-07-06 18:14:00,1.33921,1.33922,1.33921,1.33922,9.0
2026-07-06 18:15:00,1.33921,1.33924,1.33921,1.33921,28.0
2026-07-06 18:16:00,1.33922,1.33922,1.33921,1.33921,20.0
2026-07-06 18:17:00,1.33922,1.33922,1.33921,1.33921,8.0
2026-07-06 18:18:00,1.33922,1.33922,1.33921,1.33921,8.0
2026-07-06 18:19:00,1.33922,1.33922,1.33921,1.33921,9.0
2026-07-06 18:20:00,1.33922,1.33924,1.33922,1.33922,18.0
2026-07-06 18:21:00,1.33921,1.33923,1.33921,1.33922,9.0
2026-07-06 18:22:00,1.33921,1.33922,1.33921,1.33921,15.0
2026-07-06 18:23:00,1.33922,1.33922,1.33921,1.33921,11.0
2026-07-06 18:24:00,1.33922,1.33922,1.33921,1.33921,22.0
2026-07-06 18:25:00,1.33922,1.33922,1.3392,1.3392,18.0
2026-07-06 18:26:00,1.33921,1.33921,1.33919,1.33921,14.0
2026-07-06 18:27:00,1.3392,1.33922,1.33919,1.33919,24.0
2026-07-06 18:28:00,1.3392,1.3392,1.33919,1.3392,14.0
2026-07-06 18:29:00,1.3392,1.3392,1.33919,1.3392,25.0
2026-07-06 18:30:00,1.3392,1.33921,1.33919,1.33919,19.0
2026-07-06 18:31:00,1.3392,1.33922,1.3392,1.33921,31.0
2026-07-06 18:32:00,1.3392,1.33931,1.3392,1.33931,30.0
2026-07-06 18:33:00,1.33943,1.33951,1.3394,1.33951,44.0
2026-07-06 18:34:00,1.33958,1.33958,1.33955,1.33955,51.0
2026-07-06 18:35:00,1.33942,1.33942,1.3394,1.33942,27.0
2026-07-06 18:36:00,1.33941,1.33941,1.3394,1.33941,7.0
2026-07-06 18:37:00,1.33941,1.33942,1.33941,1.33941,15.0
2026-07-06 18:38:00,1.33941,1.3395,1.33941,1.33949,23.0
2026-07-06 18:39:00,1.33948,1.33949,1.33948,1.33948,30.0
2026-07-06 18:40:00,1.33949,1.33952,1.33948,1.3395,23.0
2026-07-06 18:41:00,1.33951,1.33952,1.33949,1.33952,20.0
2026-07-06 18:42:00,1.33952,1.33953,1.33945,1.33945,16.0
2026-07-06 18:43:00,1.33946,1.33951,1.33946,1.33951,23.0
2026-07-06 18:44:00,1.33952,1.33952,1.33945,1.33945,26.0
2026-07-06 18:45:00,1.33943,1.33954,1.33943,1.33952,15.0
2026-07-06 18:46:00,1.33952,1.33956,1.33949,1.33955,21.0
2026-07-06 18:47:00,1.33952,1.33955,1.33951,1.33951,12.0
2026-07-06 18:48:00,1.33955,1.33955,1.33951,1.33955,12.0
2026-07-06 18:49:00,1.33952,1.33955,1.33952,1.33955,6.0
2026-07-06 18:50:00,1.33951,1.33955,1.33951,1.33952,13.0
2026-07-06 18:51:00,1.33955,1.33955,1.33951,1.33952,7.0
2026-07-06 18:52:00,1.33952,1.33952,1.33951,1.33951,12.0
2026-07-06 18:53:00,1.33952,1.33953,1.33951,1.33953,20.0
2026-07-06 18:54:00,1.33953,1.33956,1.33951,1.33954,29.0
2026-07-06 18:55:00,1.33951,1.33956,1.33951,1.33952,34.0
2026-07-06 18:56:00,1.33953,1.33953,1.33952,1.33952,13.0
2026-07-06 18:57:00,1.33951,1.33952,1.33951,1.33952,20.0
2026-07-06 18:58:00,1.33953,1.33953,1.33952,1.33952,13.0
2026-07-06 18:59:00,1.33952,1.33961,1.33951,1.33961,35.0
2026-07-06 19:00:00,1.33961,1.33973,1.33961,1.33969,48.0
2026-07-06 19:01:00,1.33968,1.33992,1.33968,1.33988,91.0
2026-07-06 19:02:00,1.33987,1.3399,1.33981,1.3399,57.0
2026-07-06 19:03:00,1.33992,1.33994,1.33992,1.33993,26.0
2026-07-06 19:04:00,1.33994,1.34006,1.33994,1.34002,77.0
2026-07-06 19:05:00,1.34001,1.34001,1.33996,1.33999,42.0
2026-07-06 19:06:00,1.34001,1.34003,1.33995,1.33995,53.0
2026-07-06 19:07:00,1.33994,1.33994,1.3399,1.33994,29.0
2026-07-06 19:08:00,1.33993,1.33993,1.33993,1.33993,8.0
2026-07-06 19:09:00,1.33994,1.33994,1.33991,1.33994,16.0
2026-07-06 19:10:00,1.33993,1.33994,1.33982,1.33982,55.0
2026-07-06 19:11:00,1.33984,1.33984,1.33981,1.33983,24.0
2026-07-06 19:12:00,1.33984,1.33984,1.33982,1.33982,7.0
2026-07-06 19:13:00,1.3398,1.33984,1.33977,1.33983,18.0
2026-07-06 19:14:00,1.33984,1.33984,1.33983,1.33983,16.0
2026-07-06 19:15:00,1.33984,1.33985,1.33984,1.33984,13.0
2026-07-06 19:16:00,1.33986,1.33986,1.33982,1.33984,13.0
2026-07-06 19:17:00,1.33984,1.33994,1.33984,1.33994,29.0
2026-07-06 19:18:00,1.33993,1.34003,1.33993,1.34003,55.0
2026-07-06 19:19:00,1.34002,1.34002,1.33999,1.34,56.0
2026-07-06 19:20:00,1.34,1.34005,1.34,1.34004,18.0
2026-07-06 19:21:00,1.34001,1.34001,1.34,1.34,20.0
2026-07-06 19:22:00,1.34002,1.34003,1.34002,1.34002,35.0
2026-07-06 19:23:00,1.34001,1.34002,1.34,1.34002,37.0
2026-07-06 19:24:00,1.34001,1.34003,1.33999,1.34001,42.0
2026-07-06 19:25:00,1.34003,1.34003,1.33995,1.33995,53.0
2026-07-06 19:26:00,1.33994,1.33994,1.33994,1.33994,12.0
2026-07-06 19:27:00,1.33993,1.33995,1.33991,1.33994,14.0
2026-07-06 19:28:00,1.33994,1.33994,1.3399,1.33991,9.0
2026-07-06 19:29:00,1.33989,1.33991,1.33983,1.33983,44.0
2026-07-06 19:30:00,1.33982,1.33984,1.33982,1.33984,19.0
2026-07-06 19:31:00,1.33983,1.33984,1.33983,1.33984,15.0
2026-07-06 19:32:00,1.33982,1.33982,1.33978,1.33981,21.0
2026-07-06 19:33:00,1.33977,1.33992,1.33977,1.33992,28.0
2026-07-06 19:34:00,1.33987,1.33992,1.33987,1.33989,30.0
2026-07-06 19:35:00,1.3399,1.3399,1.33986,1.33988,21.0
2026-07-06 19:36:00,1.33983,1.33984,1.33983,1.33983,15.0
2026-07-06 19:37:00,1.33977,1.33977,1.33972,1.33974,33.0
2026-07-06 19:38:00,1.33973,1.33973,1.33973,1.33973,2.0
2026-07-06 19:39:00,1.33972,1.33973,1.33972,1.33973,10.0
2026-07-06 19:40:00,1.33968,1.33973,1.33968,1.33972,5.0
2026-07-06 19:41:00,1.33973,1.33973,1.3397,1.33973,21.0
2026-07-06 19:42:00,1.33972,1.33972,1.33971,1.33972,13.0
2026-07-06 19:43:00,1.33973,1.33974,1.33973,1.33974,13.0
2026-07-06 19:44:00,1.33975,1.33982,1.33971,1.3398,50.0
2026-07-06 19:45:00,1.33981,1.33982,1.33981,1.33981,17.0
2026-07-06 19:46:00,1.33976,1.33982,1.33976,1.33976,58.0
2026-07-06 19:47:00,1.33977,1.33978,1.33975,1.33975,43.0
2026-07-06 19:48:00,1.33974,1.33976,1.33964,1.33964,55.0
2026-07-06 19:49:00,1.33966,1.33975,1.33966,1.33974,50.0
2026-07-06 19:50:00,1.33972,1.33972,1.3396,1.3396,90.0
2026-07-06 19:51:00,1.33952,1.33953,1.33942,1.33942,75.0
2026-07-06 19:52:00,1.3394,1.33959,1.3394,1.33956,118.0
2026-07-06 19:53:00,1.33956,1.33956,1.33952,1.33952,64.0
2026-07-06 19:54:00,1.33951,1.33952,1.3395,1.33951,41.0
2026-07-06 19:55:00,1.33952,1.33952,1.33946,1.33949,36.0
2026-07-06 19:56:00,1.33945,1.33946,1.33943,1.33945,76.0
2026-07-06 19:57:00,1.33946,1.33946,1.33938,1.33943,80.0
2026-07-06 19:58:00,1.33942,1.33943,1.33939,1.3394,47.0
2026-07-06 19:59:00,1.33941,1.33942,1.33939,1.33941,41.0
2026-07-06 20:00:00,1.33944,1.33946,1.33937,1.33946,288.0
2026-07-06 20:01:00,1.3394,1.3394,1.33934,1.33936,221.0
2026-07-06 20:02:00,1.33934,1.33951,1.33933,1.33951,163.0
2026-07-06 20:03:00,1.3395,1.33952,1.3395,1.33952,156.0
2026-07-06 20:04:00,1.33951,1.33954,1.33946,1.33953,168.0
2026-07-06 20:05:00,1.33951,1.33956,1.33945,1.33952,176.0
2026-07-06 20:06:00,1.33953,1.33953,1.33941,1.33947,236.0
2026-07-06 20:07:00,1.33946,1.3395,1.33943,1.33947,179.0
2026-07-06 20:08:00,1.33944,1.3395,1.33944,1.33945,204.0
2026-07-06 20:09:00,1.33949,1.33954,1.33947,1.33953,136.0
2026-07-06 20:10:00,1.33954,1.33955,1.33945,1.33945,150.0
2026-07-06 20:11:00,1.33944,1.33944,1.33933,1.33936,171.0
2026-07-06 20:12:00,1.33933,1.33934,1.3393,1.3393,138.0
2026-07-06 20:13:00,1.33931,1.33939,1.33931,1.33933,148.0
2026-07-06 20:14:00,1.33939,1.33944,1.33939,1.33942,118.0
2026-07-06 20:15:00,1.33943,1.33943,1.33933,1.33937,165.0
2026-07-06 20:16:00,1.33933,1.33934,1.33925,1.33925,174.0
2026-07-06 20:17:00,1.33922,1.33926,1.33921,1.33924,183.0
2026-07-06 20:18:00,1.33932,1.33933,1.33931,1.33932,139.0
2026-07-06 20:19:00,1.33933,1.33934,1.33932,1.33934,86.0
2026-07-06 20:20:00,1.33934,1.33934,1.33931,1.33933,115.0
2026-07-06 20:21:00,1.33933,1.33943,1.33933,1.33942,107.0
2026-07-06 20:22:00,1.3394,1.33942,1.33938,1.3394,172.0
2026-07-06 20:23:00,1.33938,1.33943,1.33929,1.33929,184.0
2026-07-06 20:24:00,1.3393,1.33935,1.3393,1.3393,149.0
2026-07-06 20:25:00,1.33929,1.33934,1.33928,1.33934,151.0
2026-07-06 20:26:00,1.33937,1.33938,1.33936,1.33936,94.0
2026-07-06 20:27:00,1.33936,1.33936,1.33914,1.33918,183.0
2026-07-06 20:28:00,1.33917,1.33917,1.3391,1.33913,145.0
2026-07-06 20:29:00,1.33912,1.33917,1.33912,1.33915,137.0
2026-07-06 20:30:00,1.33913,1.3392,1.33913,1.33913,179.0
2026-07-06 20:31:00,1.33915,1.33923,1.33913,1.33921,116.0
2026-07-06 20:32:00,1.33924,1.33924,1.3392,1.33923,56.0
2026-07-06 20:33:00,1.33922,1.33924,1.33921,1.33923,77.0
2026-07-06 20:34:00,1.33922,1.33929,1.33921,1.33921,77.0
2026-07-06 20:35:00,1.33923,1.33924,1.33922,1.33923,106.0
2026-07-06 20:36:00,1.33919,1.33923,1.33919,1.33923,80.0
2026-07-06 20:37:00,1.3392,1.3392,1.33893,1.33893,135.0
2026-07-06 20:38:00,1.33885,1.33896,1.33885,1.33896,117.0
2026-07-06 20:39:00,1.33898,1.339,1.33893,1.33893,163.0
2026-07-06 20:40:00,1.33893,1.339,1.33893,1.339,130.0
2026-07-06 20:41:00,1.33901,1.33904,1.33894,1.33895,136.0
2026-07-06 20:42:00,1.33894,1.33896,1.33892,1.33892,89.0
2026-07-06 20:43:00,1.33895,1.33904,1.33895,1.33903,152.0
2026-07-06 20:44:00,1.33906,1.33909,1.33904,1.33904,131.0
2026-07-06 20:45:00,1.33902,1.33907,1.33902,1.33904,146.0
2026-07-06 20:46:00,1.33904,1.33904,1.33899,1.33902,155.0
2026-07-06 20:47:00,1.33903,1.33907,1.33894,1.33894,106.0
2026-07-06 20:48:00,1.33896,1.33903,1.33894,1.33895,196.0
2026-07-06 20:49:00,1.33895,1.33903,1.33893,1.33893,111.0
2026-07-06 20:50:00,1.33895,1.33903,1.33894,1.33902,129.0
2026-07-06 20:51:00,1.33904,1.33904,1.33895,1.33896,135.0
2026-07-06 20:52:00,1.339,1.33909,1.33895,1.33909,163.0
2026-07-06 20:53:00,1.33905,1.33907,1.33902,1.33904,173.0
2026-07-06 20:54:00,1.33903,1.33915,1.33893,1.33912,247.0
2026-07-06 20:55:00,1.33905,1.33921,1.33905,1.3391,232.0
2026-07-06 20:56:00,1.33911,1.33911,1.33902,1.33904,124.0
2026-07-06 20:57:00,1.33902,1.33904,1.33897,1.33897,163.0
2026-07-06 20:58:00,1.33892,1.33894,1.33887,1.33894,189.0
2026-07-06 20:59:00,1.33891,1.33893,1.33878,1.33879,175.0
2026-07-06 21:00:00,1.33879,1.339,1.33878,1.339,236.0
2026-07-06 21:01:00,1.33899,1.33904,1.33891,1.33903,196.0
2026-07-06 21:02:00,1.33902,1.33912,1.33894,1.33894,169.0
2026-07-06 21:03:00,1.33891,1.33893,1.3389,1.33893,125.0
2026-07-06 21:04:00,1.33894,1.33894,1.33885,1.33891,183.0
2026-07-06 21:05:00,1.33894,1.33903,1.3389,1.339,128.0
2026-07-06 21:06:00,1.33895,1.33903,1.33895,1.33903,138.0
2026-07-06 21:07:00,1.33902,1.33902,1.33894,1.33894,159.0
2026-07-06 21:08:00,1.33897,1.33902,1.33895,1.33901,123.0
2026-07-06 21:09:00,1.339,1.33904,1.339,1.33901,126.0
2026-07-06 21:10:00,1.33902,1.33904,1.339,1.33904,100.0
2026-07-06 21:11:00,1.33902,1.33905,1.33893,1.33893,113.0
2026-07-06 21:12:00,1.33893,1.33896,1.3389,1.33894,129.0
2026-07-06 21:13:00,1.33895,1.33897,1.33895,1.33895,139.0
2026-07-06 21:14:00,1.33892,1.33898,1.33892,1.33898,131.0
2026-07-06 21:15:00,1.33898,1.33902,1.33892,1.33895,281.0
2026-07-06 21:16:00,1.33896,1.33907,1.33896,1.33899,149.0
2026-07-06 21:17:00,1.33902,1.33912,1.33896,1.3391,149.0
2026-07-06 21:18:00,1.33913,1.33914,1.33912,1.33914,143.0
2026-07-06 21:19:00,1.33916,1.33917,1.33909,1.33909,131.0
2026-07-06 21:20:00,1.33904,1.33905,1.33894,1.33896,188.0
2026-07-06 21:21:00,1.33895,1.33904,1.33895,1.33901,117.0
2026-07-06 21:22:00,1.33902,1.33904,1.33897,1.33901,126.0
2026-07-06 21:23:00,1.33902,1.33905,1.33902,1.33903,125.0
2026-07-06 21:24:00,1.33904,1.33904,1.33891,1.33891,157.0
2026-07-06 21:25:00,1.33884,1.33893,1.33882,1.33893,120.0
2026-07-06 21:26:00,1.33894,1.33901,1.33893,1.33901,60.0
2026-07-06 21:27:00,1.339,1.33905,1.339,1.33904,101.0
2026-07-06 21:28:00,1.33904,1.33914,1.33904,1.33914,84.0
2026-07-06 21:29:00,1.33916,1.33925,1.33907,1.33925,155.0
2026-07-06 21:30:00,1.33935,1.33991,1.33935,1.3398,560.0
2026-07-06 21:31:00,1.33979,1.33987,1.33958,1.33969,413.0
2026-07-06 21:32:00,1.33969,1.33973,1.33945,1.33955,299.0
2026-07-06 21:33:00,1.33962,1.33994,1.33953,1.33986,332.0
2026-07-06 21:34:00,1.33985,1.33987,1.33965,1.33968,201.0
2026-07-06 21:35:00,1.33975,1.33977,1.33971,1.33972,172.0
2026-07-06 21:36:00,1.33969,1.33973,1.33965,1.33966,288.0
2026-07-06 21:37:00,1.33966,1.33966,1.33952,1.33952,124.0
2026-07-06 21:38:00,1.33943,1.33948,1.33939,1.33939,226.0
2026-07-06 21:39:00,1.33938,1.33942,1.33935,1.33939,105.0
2026-07-06 21:40:00,1.33937,1.33944,1.33935,1.33941,190.0
2026-07-06 21:41:00,1.33944,1.33945,1.33935,1.33935,185.0
2026-07-06 21:42:00,1.33935,1.33935,1.3393,1.33933,90.0
2026-07-06 21:43:00,1.33935,1.33935,1.33915,1.33915,102.0
2026-07-06 21:44:00,1.33913,1.33913,1.3391,1.33911,145.0
2026-07-06 21:45:00,1.33913,1.33927,1.33912,1.33922,112.0
2026-07-06 21:46:00,1.33923,1.33931,1.33923,1.33931,133.0
2026-07-06 21:47:00,1.33935,1.33944,1.33935,1.33941,132.0
2026-07-06 21:48:00,1.3394,1.33952,1.3394,1.33952,167.0
2026-07-06 21:49:00,1.33954,1.33967,1.33954,1.33962,229.0
2026-07-06 21:50:00,1.33963,1.33975,1.33962,1.33962,152.0
2026-07-06 21:51:00,1.3396,1.33983,1.3396,1.33982,145.0
2026-07-06 21:52:00,1.33982,1.33994,1.33981,1.33994,153.0
2026-07-06 21:53:00,1.33995,1.34012,1.33995,1.34002,187.0
2026-07-06 21:54:00,1.34006,1.34011,1.34004,1.34011,159.0
2026-07-06 21:55:00,1.34012,1.34014,1.33978,1.33978,208.0
2026-07-06 21:56:00,1.33975,1.33981,1.33974,1.33974,131.0
2026-07-06 21:57:00,1.33966,1.33975,1.33962,1.33974,201.0
2026-07-06 21:58:00,1.33972,1.33975,1.33964,1.33964,122.0
2026-07-06 21:59:00,1.33962,1.33967,1.33956,1.33967,183.0
2026-07-06 22:00:00,1.33967,1.33983,1.33967,1.33983,246.0
2026-07-06 22:01:00,1.33979,1.33994,1.33979,1.33994,97.0
2026-07-06 22:02:00,1.33993,1.33993,1.33982,1.33982,122.0
2026-07-06 22:03:00,1.33972,1.33976,1.33972,1.33974,127.0
2026-07-06 22:04:00,1.33982,1.33982,1.33971,1.33979,168.0
2026-07-06 22:05:00,1.33979,1.33981,1.33971,1.33981,168.0
2026-07-06 22:06:00,1.33982,1.33989,1.33982,1.33989,121.0
2026-07-06 22:07:00,1.3399,1.33993,1.33979,1.33981,114.0
2026-07-06 22:08:00,1.33982,1.33982,1.33963,1.33963,101.0
2026-07-06 22:09:00,1.33964,1.33971,1.33961,1.3397,77.0
2026-07-06 22:10:00,1.33969,1.33974,1.33963,1.33964,133.0
2026-07-06 22:11:00,1.33962,1.33972,1.33962,1.33971,87.0
2026-07-06 22:12:00,1.33972,1.3398,1.33971,1.33975,81.0
2026-07-06 22:13:00,1.33978,1.3398,1.33971,1.33972,86.0
2026-07-06 22:14:00,1.33971,1.33971,1.33964,1.33971,78.0
2026-07-06 22:15:00,1.33973,1.33975,1.33962,1.33962,80.0
2026-07-06 22:16:00,1.33962,1.33972,1.33962,1.3397,76.0
2026-07-06 22:17:00,1.3397,1.33971,1.33958,1.3396,81.0
2026-07-06 22:18:00,1.33959,1.33959,1.33949,1.33953,60.0
2026-07-06 22:19:00,1.33951,1.33959,1.3395,1.33958,92.0
2026-07-06 22:20:00,1.33958,1.3396,1.33949,1.3395,107.0
2026-07-06 22:21:00,1.33952,1.33952,1.3395,1.33951,52.0
2026-07-06 22:22:00,1.3395,1.33954,1.3395,1.33952,73.0
2026-07-06 22:23:00,1.33953,1.33964,1.33953,1.33964,106.0
2026-07-06 22:24:00,1.33963,1.33963,1.33959,1.33962,73.0
2026-07-06 22:25:00,1.33963,1.33963,1.33959,1.33961,92.0
2026-07-06 22:26:00,1.33957,1.33962,1.33955,1.33956,119.0
2026-07-06 22:27:00,1.33953,1.33953,1.33949,1.33952,72.0
2026-07-06 22:28:00,1.33951,1.33954,1.3395,1.3395,68.0
2026-07-06 22:29:00,1.33947,1.33947,1.33933,1.33934,140.0
2026-07-06 22:30:00,1.33923,1.33928,1.33923,1.33923,106.0
2026-07-06 22:31:00,1.33922,1.33922,1.33918,1.33922,58.0
2026-07-06 22:32:00,1.33925,1.33932,1.33925,1.33932,105.0
2026-07-06 22:33:00,1.33933,1.33933,1.33925,1.33931,91.0
2026-07-06 22:34:00,1.33933,1.33936,1.33932,1.33936,30.0
2026-07-06 22:35:00,1.33939,1.33942,1.33939,1.33941,73.0
2026-07-06 22:36:00,1.33944,1.33955,1.33943,1.33954,67.0
2026-07-06 22:37:00,1.33952,1.33952,1.33939,1.33939,68.0
2026-07-06 22:38:00,1.3394,1.3394,1.33935,1.33938,77.0
2026-07-06 22:39:00,1.33936,1.33941,1.33936,1.33939,33.0
2026-07-06 22:40:00,1.33934,1.33945,1.33932,1.33939,136.0
2026-07-06 22:41:00,1.33941,1.33941,1.33923,1.33925,115.0
2026-07-06 22:42:00,1.33924,1.33928,1.33921,1.33924,109.0
2026-07-06 22:43:00,1.33924,1.33924,1.33921,1.33922,94.0
2026-07-06 22:44:00,1.33921,1.33924,1.3392,1.33923,62.0
2026-07-06 22:45:00,1.3392,1.33923,1.3392,1.33921,81.0
2026-07-06 22:46:00,1.33923,1.33923,1.33921,1.33923,48.0
2026-07-06 22:47:00,1.33924,1.33924,1.33919,1.33922,55.0
2026-07-06 22:48:00,1.33919,1.3392,1.33915,1.33915,63.0
2026-07-06 22:49:00,1.33914,1.33915,1.33911,1.33915,64.0
2026-07-06 22:50:00,1.33915,1.33921,1.33914,1.33915,108.0
2026-07-06 22:51:00,1.33916,1.33918,1.33913,1.33918,92.0
2026-07-06 22:52:00,1.33915,1.33922,1.33915,1.33918,88.0
2026-07-06 22:53:00,1.33916,1.33924,1.33915,1.33917,77.0
2026-07-06 22:54:00,1.33919,1.33922,1.33917,1.33919,64.0
2026-07-06 22:55:00,1.33917,1.33918,1.33911,1.33911,62.0
2026-07-06 22:56:00,1.33913,1.33923,1.33912,1.33919,68.0
2026-07-06 22:57:00,1.33921,1.33925,1.3392,1.3392,77.0
2026-07-06 22:58:00,1.33918,1.33921,1.33915,1.33918,103.0
2026-07-06 22:59:00,1.33916,1.33917,1.3391,1.3391,81.0
2026-07-06 23:00:00,1.33914,1.33923,1.33914,1.33923,196.0
2026-07-06 23:01:00,1.33922,1.33925,1.33921,1.33924,113.0
2026-07-06 23:02:00,1.33927,1.33931,1.33923,1.33926,99.0
2026-07-06 23:03:00,1.33928,1.33928,1.33924,1.33928,137.0
2026-07-06 23:04:00,1.33927,1.33933,1.33927,1.33928,86.0
2026-07-06 23:05:00,1.33926,1.33934,1.33926,1.33933,108.0
2026-07-06 23:06:00,1.33938,1.33938,1.33934,1.33937,106.0
2026-07-06 23:07:00,1.33939,1.33943,1.33939,1.33943,85.0
2026-07-06 23:08:00,1.33944,1.33944,1.3394,1.3394,71.0
2026-07-06 23:09:00,1.33942,1.33942,1.33939,1.3394,68.0
2026-07-06 23:10:00,1.33942,1.33943,1.3394,1.33941,89.0
2026-07-06 23:11:00,1.3394,1.33943,1.33939,1.33939,67.0
2026-07-06 23:12:00,1.3394,1.3394,1.33934,1.33935,124.0
2026-07-06 23:13:00,1.33936,1.3394,1.33933,1.33933,121.0
2026-07-06 23:14:00,1.33935,1.33935,1.33933,1.33933,86.0
2026-07-06 23:15:00,1.33934,1.33943,1.33933,1.33943,119.0
2026-07-06 23:16:00,1.33942,1.33942,1.33932,1.33933,70.0
2026-07-06 23:17:00,1.33931,1.33942,1.33929,1.3394,121.0
2026-07-06 23:18:00,1.33943,1.33944,1.33942,1.33943,103.0
2026-07-06 23:19:00,1.33951,1.33955,1.33951,1.33952,133.0
2026-07-06 23:20:00,1.33952,1.33959,1.33952,1.33956,129.0
2026-07-06 23:21:00,1.33955,1.33966,1.33954,1.33963,122.0
2026-07-06 23:22:00,1.33964,1.33968,1.33958,1.33966,151.0
2026-07-06 23:23:00,1.33967,1.33967,1.33958,1.3396,160.0
2026-07-06 23:24:00,1.3396,1.33961,1.33953,1.33957,151.0
2026-07-06 23:25:00,1.3396,1.3396,1.33954,1.33955,96.0
2026-07-06 23:26:00,1.33956,1.33956,1.33946,1.33946,90.0
2026-07-06 23:27:00,1.33946,1.33949,1.33943,1.33949,92.0
2026-07-06 23:28:00,1.33947,1.33947,1.33943,1.33945,72.0
2026-07-06 23:29:00,1.33944,1.33944,1.33935,1.33943,159.0
2026-07-06 23:30:00,1.33926,1.33933,1.33921,1.33931,197.0
2026-07-06 23:31:00,1.33933,1.33933,1.3393,1.33932,87.0
2026-07-06 23:32:00,1.33931,1.33933,1.33931,1.33933,81.0
2026-07-06 23:33:00,1.33934,1.33935,1.33928,1.3393,93.0
2026-07-06 23:34:00,1.33929,1.33935,1.33924,1.33935,132.0
2026-07-06 23:35:00,1.33934,1.33943,1.33934,1.33943,161.0
2026-07-06 23:36:00,1.33942,1.33943,1.33933,1.33933,65.0
2026-07-06 23:37:00,1.3393,1.33933,1.3393,1.33933,124.0
2026-07-06 23:38:00,1.33934,1.33934,1.33929,1.33929,65.0
2026-07-06 23:39:00,1.33926,1.3393,1.33924,1.33928,107.0
2026-07-06 23:40:00,1.33925,1.33925,1.33923,1.33925,92.0
2026-07-06 23:41:00,1.33923,1.33924,1.33921,1.33921,92.0
2026-07-06 23:42:00,1.3392,1.3392,1.33907,1.33908,100.0
2026-07-06 23:43:00,1.33909,1.33914,1.33904,1.33914,109.0
2026-07-06 23:44:00,1.33915,1.33918,1.33913,1.33914,86.0
2026-07-06 23:45:00,1.33913,1.33913,1.33907,1.33907,92.0
2026-07-06 23:46:00,1.33905,1.33906,1.33903,1.33903,84.0
2026-07-06 23:47:00,1.33911,1.3392,1.33911,1.3392,149.0
2026-07-06 23:48:00,1.33922,1.33922,1.33904,1.33904,159.0
2026-07-06 23:49:00,1.33905,1.33908,1.33904,1.33904,129.0
2026-07-06 23:50:00,1.33904,1.33908,1.33903,1.33905,149.0
2026-07-06 23:51:00,1.33908,1.33908,1.33902,1.33903,134.0
2026-07-06 23:52:00,1.33902,1.33903,1.33902,1.33903,71.0
2026-07-06 23:53:00,1.33902,1.33903,1.33901,1.33902,96.0
2026-07-06 23:54:00,1.33902,1.33904,1.33901,1.33904,97.0
2026-07-06 23:55:00,1.33902,1.33903,1.33898,1.33903,74.0
2026-07-06 23:56:00,1.33902,1.33902,1.33899,1.33902,73.0
2026-07-06 23:57:00,1.33903,1.33903,1.339,1.33902,55.0
2026-07-06 23:58:00,1.33901,1.33901,1.33892,1.33894,66.0
2026-07-06 23:59:00,1.33896,1.33904,1.33896,1.339,124.0
2026-07-07 00:00:00,1.33901,1.33904,1.33901,1.33902,40.0
2026-07-07 00:01:00,1.33892,1.33896,1.33892,1.33895,97.0
2026-07-07 00:02:00,1.33894,1.33896,1.33891,1.33892,64.0
2026-07-07 00:03:00,1.33894,1.33904,1.33892,1.33904,49.0
2026-07-07 00:04:00,1.33903,1.33905,1.33902,1.33905,83.0
2026-07-07 00:05:00,1.33906,1.33914,1.33906,1.33912,100.0
2026-07-07 00:06:00,1.33914,1.33915,1.33913,1.33914,110.0
2026-07-07 00:07:00,1.33913,1.33914,1.33912,1.33913,53.0
2026-07-07 00:08:00,1.33913,1.33918,1.33913,1.33916,122.0
2026-07-07 00:09:00,1.33917,1.33922,1.33917,1.3392,93.0
2026-07-07 00:10:00,1.33919,1.33921,1.33917,1.3392,95.0
2026-07-07 00:11:00,1.33916,1.33917,1.33914,1.33915,130.0
2026-07-07 00:12:00,1.33916,1.3392,1.33915,1.3392,111.0
2026-07-07 00:13:00,1.33921,1.33923,1.3391,1.3391,71.0
2026-07-07 00:14:00,1.33912,1.33913,1.33909,1.33909,42.0
2026-07-07 00:15:00,1.33909,1.33916,1.33909,1.33916,56.0
2026-07-07 00:16:00,1.33918,1.33929,1.33918,1.33924,93.0
2026-07-07 00:17:00,1.33921,1.33923,1.33918,1.3392,39.0
2026-07-07 00:18:00,1.3392,1.33921,1.3392,1.3392,39.0
2026-07-07 00:19:00,1.33917,1.3392,1.33913,1.33916,87.0
2026-07-07 00:20:00,1.33916,1.33917,1.33913,1.33915,92.0
2026-07-07 00:21:00,1.33915,1.33915,1.33911,1.33912,105.0
2026-07-07 00:22:00,1.33914,1.33915,1.33911,1.33912,75.0
2026-07-07 00:23:00,1.33912,1.33914,1.33912,1.33912,21.0
2026-07-07 00:24:00,1.33914,1.33916,1.33913,1.33915,95.0
2026-07-07 00:25:00,1.33921,1.33921,1.33908,1.33908,110.0
2026-07-07 00:26:00,1.33909,1.33911,1.33909,1.33911,74.0
2026-07-07 00:27:00,1.3391,1.3391,1.33903,1.33904,39.0
2026-07-07 00:28:00,1.33902,1.33903,1.339,1.339,37.0
2026-07-07 00:29:00,1.33902,1.33902,1.33894,1.339,74.0
2026-07-07 00:30:00,1.33901,1.33902,1.33898,1.33901,86.0
2026-07-07 00:31:00,1.33912,1.33912,1.33909,1.3391,56.0
2026-07-07 00:32:00,1.33911,1.33923,1.3391,1.33921,71.0
2026-07-07 00:33:00,1.3392,1.33927,1.3392,1.33921,100.0
2026-07-07 00:34:00,1.33911,1.33911,1.33905,1.3391,102.0
2026-07-07 00:35:00,1.33912,1.33912,1.33909,1.33911,70.0
2026-07-07 00:36:00,1.33908,1.3391,1.33908,1.33909,131.0
2026-07-07 00:37:00,1.33912,1.33913,1.3391,1.33913,60.0
2026-07-07 00:38:00,1.33911,1.33913,1.33911,1.33913,53.0
2026-07-07 00:39:00,1.3391,1.33913,1.3391,1.33913,68.0
2026-07-07 00:40:00,1.33917,1.33924,1.33913,1.33922,115.0
2026-07-07 00:41:00,1.33921,1.33923,1.33918,1.33923,98.0
2026-07-07 00:42:00,1.3392,1.3392,1.33917,1.33917,62.0
2026-07-07 00:43:00,1.33913,1.33915,1.33912,1.33915,96.0
2026-07-07 00:44:00,1.33916,1.33918,1.33913,1.33913,90.0
2026-07-07 00:45:00,1.33913,1.33914,1.33912,1.33914,89.0
2026-07-07 00:46:00,1.33921,1.33923,1.33919,1.33923,79.0
2026-07-07 00:47:00,1.33922,1.33922,1.33917,1.33918,66.0
2026-07-07 00:48:00,1.33917,1.33917,1.33911,1.33911,44.0
2026-07-07 00:49:00,1.3391,1.33911,1.3391,1.33911,48.0
2026-07-07 00:50:00,1.33911,1.33915,1.33911,1.33915,98.0
2026-07-07 00:51:00,1.33915,1.33925,1.33915,1.33924,62.0
2026-07-07 00:52:00,1.33929,1.3393,1.33918,1.33918,79.0
2026-07-07 00:53:00,1.33913,1.33919,1.33912,1.33919,68.0
2026-07-07 00:54:00,1.33917,1.33918,1.33913,1.33913,94.0
2026-07-07 00:55:00,1.3391,1.33911,1.33901,1.33904,82.0
2026-07-07 00:56:00,1.33902,1.33906,1.33902,1.33905,66.0
2026-07-07 00:57:00,1.33904,1.33904,1.33899,1.33899,62.0
2026-07-07 00:58:00,1.33896,1.33896,1.33889,1.33892,84.0
2026-07-07 00:59:00,1.33891,1.33892,1.33887,1.33889,105.0
2026-07-07 01:00:00,1.33881,1.33896,1.3388,1.3389,220.0
2026-07-07 01:01:00,1.33889,1.3389,1.33884,1.33886,109.0
2026-07-07 01:02:00,1.33884,1.33895,1.33882,1.33893,112.0
2026-07-07 01:03:00,1.33894,1.339,1.33894,1.33896,96.0
2026-07-07 01:04:00,1.33896,1.33896,1.33893,1.33893,51.0
2026-07-07 01:05:00,1.3389,1.33892,1.3389,1.33892,36.0
2026-07-07 01:06:00,1.33895,1.33895,1.33891,1.33891,77.0
2026-07-07 01:07:00,1.33889,1.33889,1.33882,1.33883,128.0
2026-07-07 01:08:00,1.33882,1.33883,1.33879,1.33879,45.0
2026-07-07 01:09:00,1.33873,1.33882,1.33872,1.33882,174.0
2026-07-07 01:10:00,1.33881,1.33881,1.33869,1.33869,104.0
2026-07-07 01:11:00,1.33865,1.33872,1.33863,1.33863,153.0
2026-07-07 01:12:00,1.33857,1.33866,1.33855,1.3386,174.0
2026-07-07 01:13:00,1.33854,1.33854,1.33842,1.33843,109.0
2026-07-07 01:14:00,1.33844,1.33852,1.33843,1.3385,169.0
2026-07-07 01:15:00,1.3385,1.33851,1.33843,1.33843,98.0
2026-07-07 01:16:00,1.33844,1.33844,1.3384,1.33843,88.0
2026-07-07 01:17:00,1.33844,1.33853,1.33844,1.33853,111.0
2026-07-07 01:18:00,1.33853,1.33853,1.33852,1.33852,136.0
2026-07-07 01:19:00,1.33845,1.33845,1.33823,1.33823,141.0
2026-07-07 01:20:00,1.33823,1.33823,1.33802,1.33802,191.0
2026-07-07 01:21:00,1.33805,1.33807,1.33803,1.33803,228.0
2026-07-07 01:22:00,1.33802,1.33807,1.338,1.33805,179.0
2026-07-07 01:23:00,1.33802,1.33803,1.33798,1.33803,206.0
2026-07-07 01:24:00,1.33801,1.33813,1.33801,1.33813,128.0
2026-07-07 01:25:00,1.33807,1.33813,1.33802,1.33806,234.0
2026-07-07 01:26:00,1.33805,1.33811,1.33805,1.33811,174.0
2026-07-07 01:27:00,1.3381,1.33813,1.3381,1.33813,111.0
2026-07-07 01:28:00,1.33812,1.33813,1.33804,1.33812,163.0
2026-07-07 01:29:00,1.33814,1.33815,1.33812,1.33815,121.0
2026-07-07 01:30:00,1.33813,1.33834,1.33811,1.33832,241.0
2026-07-07 01:31:00,1.33833,1.33841,1.33829,1.33841,201.0
2026-07-07 01:32:00,1.33842,1.33853,1.33834,1.33853,239.0
2026-07-07 01:33:00,1.33843,1.33844,1.33834,1.33839,285.0
2026-07-07 01:34:00,1.33844,1.33844,1.33836,1.33837,178.0
2026-07-07 01:35:00,1.33838,1.33843,1.33838,1.33843,186.0
2026-07-07 01:36:00,1.33839,1.3385,1.33839,1.33843,199.0
2026-07-07 01:37:00,1.33844,1.33845,1.33843,1.33844,47.0
2026-07-07 01:38:00,1.33843,1.33847,1.33843,1.33847,121.0
2026-07-07 01:39:00,1.33843,1.33843,1.33833,1.33834,141.0
2026-07-07 01:40:00,1.33833,1.33835,1.33827,1.33835,158.0
2026-07-07 01:41:00,1.33836,1.33845,1.33836,1.33839,166.0
2026-07-07 01:42:00,1.33834,1.33834,1.33822,1.33822,150.0
2026-07-07 01:43:00,1.33823,1.33824,1.33814,1.33814,144.0
2026-07-07 01:44:00,1.33813,1.33813,1.33802,1.33804,147.0
2026-07-07 01:45:00,1.33802,1.33803,1.338,1.338,147.0
2026-07-07 01:46:00,1.33803,1.33803,1.33798,1.338,146.0
2026-07-07 01:47:00,1.33803,1.33808,1.33802,1.33805,110.0
2026-07-07 01:48:00,1.33806,1.33806,1.33799,1.33803,125.0
2026-07-07 01:49:00,1.33802,1.33817,1.33794,1.33817,165.0
2026-07-07 01:50:00,1.33821,1.33823,1.33815,1.33815,144.0
2026-07-07 01:51:00,1.33816,1.33833,1.33816,1.33832,177.0
2026-07-07 01:52:00,1.3383,1.33831,1.33819,1.33819,157.0
2026-07-07 01:53:00,1.33822,1.33823,1.33817,1.33823,113.0
2026-07-07 01:54:00,1.33823,1.33842,1.33823,1.33842,124.0
2026-07-07 01:55:00,1.33831,1.33839,1.33825,1.33825,174.0
2026-07-07 01:56:00,1.33829,1.33839,1.33828,1.33828,114.0
2026-07-07 01:57:00,1.3383,1.33848,1.3383,1.33848,112.0
2026-07-07 01:58:00,1.33847,1.33847,1.33841,1.33841,124.0
2026-07-07 01:59:00,1.33839,1.33845,1.33839,1.33845,73.0
2026-07-07 02:00:00,1.33848,1.33864,1.33848,1.33861,225.0
2026-07-07 02:01:00,1.33856,1.33867,1.33856,1.33858,174.0
2026-07-07 02:02:00,1.33845,1.33847,1.3384,1.33841,207.0
2026-07-07 02:03:00,1.33842,1.33842,1.33831,1.33842,122.0
2026-07-07 02:04:00,1.33835,1.33836,1.33825,1.33825,194.0
2026-07-07 02:05:00,1.33823,1.33823,1.33809,1.33812,158.0
2026-07-07 02:06:00,1.33814,1.33814,1.33812,1.33813,65.0
2026-07-07 02:07:00,1.3381,1.33813,1.33808,1.33812,199.0
2026-07-07 02:08:00,1.33803,1.33803,1.33793,1.33803,273.0
2026-07-07 02:09:00,1.33804,1.33804,1.33777,1.33782,235.0
2026-07-07 02:10:00,1.33783,1.33783,1.33763,1.33763,263.0
2026-07-07 02:11:00,1.33764,1.33774,1.33754,1.33754,168.0
2026-07-07 02:12:00,1.33754,1.33756,1.33754,1.33756,105.0
2026-07-07 02:13:00,1.33755,1.33761,1.33753,1.33757,129.0
2026-07-07 02:14:00,1.33768,1.33775,1.33767,1.33773,153.0
2026-07-07 02:15:00,1.33774,1.33797,1.33774,1.33793,185.0
2026-07-07 02:16:00,1.33785,1.33785,1.33775,1.33785,296.0
2026-07-07 02:17:00,1.33786,1.33802,1.33784,1.33802,222.0
2026-07-07 02:18:00,1.33803,1.33813,1.33793,1.33794,259.0
2026-07-07 02:19:00,1.33794,1.33813,1.33794,1.33813,162.0
2026-07-07 02:20:00,1.33808,1.33812,1.33793,1.33797,236.0
2026-07-07 02:21:00,1.33796,1.33804,1.33795,1.33802,107.0
2026-07-07 02:22:00,1.33801,1.33803,1.33785,1.33793,131.0
2026-07-07 02:23:00,1.33783,1.33784,1.3378,1.3378,193.0
2026-07-07 02:24:00,1.33772,1.33788,1.33771,1.33788,170.0
2026-07-07 02:25:00,1.33786,1.33795,1.33785,1.33786,219.0
2026-07-07 02:26:00,1.33785,1.33793,1.33785,1.33789,186.0
2026-07-07 02:27:00,1.3379,1.33792,1.33783,1.33789,194.0
2026-07-07 02:28:00,1.33792,1.33796,1.33784,1.33795,194.0
2026-07-07 02:29:00,1.33791,1.33793,1.33789,1.33789,138.0
2026-07-07 02:30:00,1.33784,1.33807,1.33783,1.33807,338.0
2026-07-07 02:31:00,1.33805,1.33805,1.33802,1.33804,247.0
2026-07-07 02:32:00,1.33804,1.33804,1.33793,1.33796,115.0
2026-07-07 02:33:00,1.33796,1.33814,1.33793,1.33814,190.0
2026-07-07 02:34:00,1.33811,1.33814,1.3381,1.3381,154.0
2026-07-07 02:35:00,1.33803,1.33811,1.33797,1.33811,123.0
2026-07-07 02:36:00,1.33812,1.33813,1.33807,1.33811,105.0
2026-07-07 02:37:00,1.33812,1.33813,1.3381,1.3381,97.0
2026-07-07 02:38:00,1.3381,1.33824,1.3381,1.33824,113.0
2026-07-07 02:39:00,1.33822,1.33823,1.33819,1.33819,85.0
2026-07-07 02:40:00,1.33821,1.33826,1.33821,1.33823,94.0
2026-07-07 02:41:00,1.33832,1.33832,1.33822,1.33822,141.0
2026-07-07 02:42:00,1.33815,1.33817,1.33812,1.33817,122.0
2026-07-07 02:43:00,1.33816,1.33823,1.33812,1.33812,210.0
2026-07-07 02:44:00,1.33814,1.33815,1.33812,1.33815,101.0
2026-07-07 02:45:00,1.33812,1.33824,1.33811,1.33823,104.0
2026-07-07 02:46:00,1.33824,1.33824,1.33809,1.3381,151.0
2026-07-07 02:47:00,1.33812,1.33812,1.3381,1.33811,53.0
2026-07-07 02:48:00,1.33821,1.33821,1.33819,1.33821,138.0
2026-07-07 02:49:00,1.33822,1.33831,1.33822,1.3383,140.0
2026-07-07 02:50:00,1.3383,1.33832,1.33822,1.33832,116.0
2026-07-07 02:51:00,1.33831,1.33832,1.33822,1.33827,87.0
2026-07-07 02:52:00,1.33829,1.3383,1.33824,1.33827,197.0
2026-07-07 02:53:00,1.33827,1.33828,1.33809,1.3381,186.0
2026-07-07 02:54:00,1.33809,1.3381,1.33797,1.33797,53.0
2026-07-07 02:55:00,1.33789,1.33793,1.33781,1.33789,197.0
2026-07-07 02:56:00,1.33792,1.338,1.33792,1.33798,167.0
2026-07-07 02:57:00,1.33794,1.33807,1.33794,1.33807,203.0
2026-07-07 02:58:00,1.33801,1.33801,1.33788,1.33789,185.0
2026-07-07 02:59:00,1.33785,1.33802,1.33783,1.33801,124.0
2026-07-07 03:00:00,1.33801,1.33801,1.3379,1.3379,232.0
2026-07-07 03:01:00,1.33792,1.33792,1.33773,1.33781,191.0
2026-07-07 03:02:00,1.3378,1.33784,1.33772,1.33782,149.0
2026-07-07 03:03:00,1.33781,1.33781,1.33752,1.33752,223.0
2026-07-07 03:04:00,1.33754,1.3378,1.33754,1.33779,260.0
2026-07-07 03:05:00,1.33775,1.33782,1.33763,1.33779,198.0
2026-07-07 03:06:00,1.3376,1.33773,1.33759,1.33773,171.0
2026-07-07 03:07:00,1.33763,1.33769,1.33762,1.33764,109.0
2026-07-07 03:08:00,1.33763,1.33764,1.33752,1.33762,125.0
2026-07-07 03:09:00,1.33763,1.33774,1.33763,1.33764,179.0
2026-07-07 03:10:00,1.33766,1.33802,1.33766,1.33798,146.0
2026-07-07 03:11:00,1.3379,1.33794,1.33779,1.33779,164.0
2026-07-07 03:12:00,1.33781,1.33783,1.33775,1.33782,90.0
2026-07-07 03:13:00,1.33784,1.33791,1.33774,1.33791,141.0
2026-07-07 03:14:00,1.3379,1.3379,1.33781,1.33786,90.0
2026-07-07 03:15:00,1.33782,1.33789,1.33781,1.33789,89.0
2026-07-07 03:16:00,1.3379,1.33794,1.3378,1.33794,155.0
2026-07-07 03:17:00,1.33794,1.33802,1.3379,1.33802,131.0
2026-07-07 03:18:00,1.33805,1.33812,1.33805,1.33808,149.0
2026-07-07 03:19:00,1.3381,1.33822,1.33804,1.33822,235.0
2026-07-07 03:20:00,1.33836,1.33854,1.33835,1.33845,484.0
2026-07-07 03:21:00,1.3384,1.33848,1.33836,1.33836,199.0
2026-07-07 03:22:00,1.33841,1.33842,1.33834,1.33842,170.0
2026-07-07 03:23:00,1.33835,1.33835,1.33814,1.33824,155.0
2026-07-07 03:24:00,1.33819,1.33821,1.33803,1.33806,167.0
2026-07-07 03:25:00,1.33809,1.33809,1.33806,1.33808,124.0
2026-07-07 03:26:00,1.33818,1.33825,1.33818,1.33822,152.0
2026-07-07 03:27:00,1.33822,1.33827,1.33821,1.33821,91.0
2026-07-07 03:28:00,1.33811,1.33811,1.33801,1.33803,177.0
2026-07-07 03:29:00,1.33802,1.33804,1.33793,1.33793,120.0
2026-07-07 03:30:00,1.33792,1.33824,1.33792,1.33817,222.0
2026-07-07 03:31:00,1.33814,1.33824,1.33809,1.33824,178.0
2026-07-07 03:32:00,1.33824,1.3383,1.33823,1.33823,131.0
2026-07-07 03:33:00,1.33824,1.33829,1.33824,1.33829,123.0
2026-07-07 03:34:00,1.3383,1.33848,1.3383,1.33848,160.0
2026-07-07 03:35:00,1.33844,1.33845,1.33826,1.33841,272.0
2026-07-07 03:36:00,1.33843,1.33843,1.3384,1.33841,183.0
2026-07-07 03:37:00,1.3384,1.3384,1.33816,1.33816,235.0
2026-07-07 03:38:00,1.33813,1.33826,1.33813,1.33826,149.0
2026-07-07 03:39:00,1.33824,1.33824,1.338,1.33807,182.0
2026-07-07 03:40:00,1.33807,1.33834,1.33805,1.33832,213.0
2026-07-07 03:41:00,1.33835,1.33835,1.33819,1.3382,195.0
2026-07-07 03:42:00,1.33821,1.33835,1.33821,1.33825,146.0
2026-07-07 03:43:00,1.33824,1.33826,1.33814,1.33822,120.0
2026-07-07 03:44:00,1.33823,1.33825,1.3382,1.3382,106.0
2026-07-07 03:45:00,1.33808,1.33819,1.33805,1.33819,154.0
2026-07-07 03:46:00,1.33818,1.33827,1.33817,1.33818,147.0
2026-07-07 03:47:00,1.33819,1.33823,1.33815,1.3382,153.0
2026-07-07 03:48:00,1.3382,1.33827,1.3382,1.33823,129.0
2026-07-07 03:49:00,1.33825,1.33825,1.3381,1.33813,121.0
2026-07-07 03:50:00,1.33814,1.33819,1.33812,1.33814,146.0
2026-07-07 03:51:00,1.33822,1.33833,1.33817,1.33824,267.0
2026-07-07 03:52:00,1.33822,1.33822,1.33809,1.33809,195.0
2026-07-07 03:53:00,1.33813,1.33813,1.33792,1.33792,163.0
2026-07-07 03:54:00,1.33797,1.33803,1.33784,1.33784,159.0
2026-07-07 03:55:00,1.33785,1.33785,1.33772,1.33773,223.0
2026-07-07 03:56:00,1.33774,1.33787,1.33774,1.33786,167.0
2026-07-07 03:57:00,1.33794,1.33801,1.33786,1.33787,190.0
2026-07-07 03:58:00,1.33785,1.33793,1.33781,1.33792,187.0
2026-07-07 03:59:00,1.33795,1.33795,1.33779,1.33781,184.0
2026-07-07 04:00:00,1.33782,1.33793,1.33774,1.33793,230.0
2026-07-07 04:01:00,1.33786,1.3379,1.33784,1.33788,145.0
2026-07-07 04:02:00,1.33792,1.33809,1.33784,1.33809,255.0
2026-07-07 04:03:00,1.33806,1.33813,1.33795,1.33812,252.0
2026-07-07 04:04:00,1.33808,1.33813,1.33801,1.33802,171.0
2026-07-07 04:05:00,1.33802,1.33807,1.33802,1.33807,113.0
2026-07-07 04:06:00,1.33802,1.33806,1.33788,1.33792,225.0
2026-07-07 04:07:00,1.33793,1.33803,1.33793,1.33801,187.0
2026-07-07 04:08:00,1.33802,1.33805,1.33797,1.33805,204.0
2026-07-07 04:09:00,1.33796,1.3381,1.33796,1.33804,176.0
2026-07-07 04:10:00,1.33813,1.33835,1.33811,1.33834,190.0
2026-07-07 04:11:00,1.33832,1.33841,1.33822,1.33841,200.0
2026-07-07 04:12:00,1.33835,1.33864,1.33835,1.33864,245.0
2026-07-07 04:13:00,1.33861,1.33861,1.33852,1.33855,191.0
2026-07-07 04:14:00,1.33857,1.33863,1.33852,1.33852,176.0
2026-07-07 04:15:00,1.33854,1.33854,1.33843,1.3385,226.0
2026-07-07 04:16:00,1.33852,1.33852,1.33845,1.33845,241.0
2026-07-07 04:17:00,1.33843,1.33853,1.33829,1.33829,162.0
2026-07-07 04:18:00,1.33833,1.33839,1.33827,1.33831,232.0
2026-07-07 04:19:00,1.3383,1.33835,1.33828,1.33832,204.0
2026-07-07 04:20:00,1.33836,1.33841,1.33831,1.33841,171.0
2026-07-07 04:21:00,1.33835,1.33859,1.33829,1.33859,257.0
2026-07-07 04:22:00,1.33862,1.33896,1.33857,1.33894,230.0
2026-07-07 04:23:00,1.33895,1.33902,1.33888,1.33894,224.0
2026-07-07 04:24:00,1.33894,1.33907,1.33893,1.33893,199.0
2026-07-07 04:25:00,1.33894,1.33896,1.33889,1.33893,182.0
2026-07-07 04:26:00,1.33892,1.33897,1.33877,1.33877,137.0
2026-07-07 04:27:00,1.33873,1.33887,1.33873,1.33887,119.0
2026-07-07 04:28:00,1.33892,1.33893,1.33889,1.33892,120.0
2026-07-07 04:29:00,1.33893,1.33894,1.33892,1.33893,118.0
2026-07-07 04:30:00,1.33901,1.33911,1.339,1.33903,216.0
2026-07-07 04:31:00,1.33905,1.33915,1.339,1.33914,200.0
2026-07-07 04:32:00,1.33909,1.33914,1.33894,1.33894,209.0
2026-07-07 04:33:00,1.33898,1.33909,1.33894,1.33909,214.0
2026-07-07 04:34:00,1.33909,1.33909,1.33901,1.33902,173.0
2026-07-07 04:35:00,1.33912,1.3392,1.3391,1.3391,161.0
2026-07-07 04:36:00,1.33912,1.33912,1.33869,1.33884,325.0
2026-07-07 04:37:00,1.33883,1.33895,1.33882,1.33895,116.0
2026-07-07 04:38:00,1.33895,1.33901,1.33891,1.33901,130.0
2026-07-07 04:39:00,1.33902,1.33911,1.33902,1.33911,96.0
2026-07-07 04:40:00,1.33915,1.33928,1.33913,1.33913,155.0
2026-07-07 04:41:00,1.33915,1.33915,1.33894,1.33897,213.0
2026-07-07 04:42:00,1.33898,1.33898,1.33882,1.33889,200.0
2026-07-07 04:43:00,1.33889,1.33889,1.33883,1.33886,193.0
2026-07-07 04:44:00,1.33883,1.33886,1.33873,1.33874,114.0
2026-07-07 04:45:00,1.33873,1.33873,1.33864,1.33872,125.0
2026-07-07 04:46:00,1.33871,1.33926,1.33871,1.33926,289.0
2026-07-07 04:47:00,1.33922,1.3393,1.33912,1.33929,267.0
2026-07-07 04:48:00,1.33934,1.33935,1.33931,1.33934,124.0
2026-07-07 04:49:00,1.33924,1.33933,1.33924,1.33932,142.0
2026-07-07 04:50:00,1.33927,1.33934,1.33924,1.33934,175.0
2026-07-07 04:51:00,1.33934,1.33935,1.33924,1.33929,115.0
2026-07-07 04:52:00,1.33924,1.33925,1.33912,1.33912,91.0
2026-07-07 04:53:00,1.33913,1.33915,1.339,1.33901,163.0
2026-07-07 04:54:00,1.33902,1.33905,1.33895,1.33899,207.0
2026-07-07 04:55:00,1.33896,1.33896,1.33876,1.33876,244.0
2026-07-07 04:56:00,1.33869,1.33897,1.33869,1.33891,309.0
2026-07-07 04:57:00,1.33891,1.33918,1.33891,1.33917,231.0
2026-07-07 04:58:00,1.33916,1.33929,1.33916,1.33925,199.0
2026-07-07 04:59:00,1.33923,1.33923,1.33913,1.33913,139.0
2026-07-07 05:00:00,1.33911,1.33912,1.33894,1.33895,266.0
2026-07-07 05:01:00,1.33894,1.33904,1.33887,1.33894,258.0
2026-07-07 05:02:00,1.33896,1.3392,1.33896,1.33914,264.0
2026-07-07 05:03:00,1.33905,1.33923,1.33905,1.33914,194.0
2026-07-07 05:04:00,1.33903,1.33916,1.33899,1.33916,271.0
2026-07-07 05:05:00,1.33914,1.33925,1.33913,1.33915,271.0
2026-07-07 05:06:00,1.33917,1.33924,1.33914,1.33923,239.0
2026-07-07 05:07:00,1.33921,1.33923,1.3391,1.33912,160.0
2026-07-07 05:08:00,1.33913,1.33913,1.33902,1.33904,146.0
2026-07-07 05:09:00,1.33903,1.33907,1.33901,1.33903,148.0
2026-07-07 05:10:00,1.33904,1.33917,1.33904,1.33913,216.0
2026-07-07 05:11:00,1.33912,1.33913,1.33909,1.33911,98.0
2026-07-07 05:12:00,1.3391,1.3391,1.33891,1.33891,172.0
2026-07-07 05:13:00,1.33891,1.33893,1.3389,1.33892,159.0
2026-07-07 05:14:00,1.33891,1.33893,1.33891,1.33893,173.0
2026-07-07 05:15:00,1.33893,1.33904,1.33893,1.33903,117.0
2026-07-07 05:16:00,1.33903,1.33912,1.33903,1.33903,189.0
2026-07-07 05:17:00,1.33903,1.33903,1.33893,1.33895,198.0
2026-07-07 05:18:00,1.33894,1.33905,1.33894,1.33902,195.0
2026-07-07 05:19:00,1.339,1.339,1.33878,1.33878,190.0
2026-07-07 05:20:00,1.33878,1.33882,1.33878,1.33881,63.0
2026-07-07 05:21:00,1.33883,1.33883,1.3388,1.33881,116.0
2026-07-07 05:22:00,1.33874,1.33882,1.33874,1.33879,122.0
2026-07-07 05:23:00,1.33873,1.33875,1.33863,1.33863,140.0
2026-07-07 05:24:00,1.33861,1.33872,1.33861,1.33871,104.0
2026-07-07 05:25:00,1.3387,1.33873,1.3387,1.3387,127.0
2026-07-07 05:26:00,1.33871,1.33872,1.3387,1.33871,67.0
2026-07-07 05:27:00,1.33874,1.33881,1.3387,1.3387,144.0
2026-07-07 05:28:00,1.33869,1.33877,1.33862,1.33877,205.0
2026-07-07 05:29:00,1.33878,1.33882,1.33876,1.33878,184.0
2026-07-07 05:30:00,1.33881,1.33881,1.33866,1.33869,245.0
2026-07-07 05:31:00,1.33871,1.33873,1.33859,1.33863,99.0
2026-07-07 05:32:00,1.33863,1.33873,1.33859,1.33865,112.0
2026-07-07 05:33:00,1.33865,1.33865,1.33858,1.33858,196.0
2026-07-07 05:34:00,1.33859,1.33881,1.33859,1.33876,149.0
2026-07-07 05:35:00,1.33872,1.33886,1.3387,1.33886,162.0
2026-07-07 05:36:00,1.3388,1.33883,1.33876,1.33881,93.0
2026-07-07 05:37:00,1.33874,1.33883,1.33869,1.33874,108.0
2026-07-07 05:38:00,1.33873,1.33873,1.33868,1.33868,35.0
2026-07-07 05:39:00,1.33872,1.3388,1.33872,1.3388,62.0
2026-07-07 05:40:00,1.3388,1.33886,1.33879,1.33886,121.0
2026-07-07 05:41:00,1.33887,1.33891,1.33884,1.3389,137.0
2026-07-07 05:42:00,1.33889,1.3389,1.33884,1.33886,115.0
2026-07-07 05:43:00,1.33882,1.33886,1.3387,1.3387,158.0
2026-07-07 05:44:00,1.33865,1.33873,1.33865,1.3387,152.0
2026-07-07 05:45:00,1.33872,1.33872,1.33866,1.33871,136.0
2026-07-07 05:46:00,1.3387,1.33875,1.33869,1.3387,88.0
2026-07-07 05:47:00,1.33863,1.33871,1.33862,1.33866,137.0
2026-07-07 05:48:00,1.33867,1.33867,1.33851,1.33853,140.0
2026-07-07 05:49:00,1.33854,1.33854,1.33834,1.33834,107.0
2026-07-07 05:50:00,1.33823,1.33828,1.33821,1.33824,192.0
2026-07-07 05:51:00,1.33823,1.33826,1.33819,1.33826,138.0
2026-07-07 05:52:00,1.33827,1.33827,1.33812,1.33816,186.0
2026-07-07 05:53:00,1.33816,1.33821,1.33815,1.33821,201.0
2026-07-07 05:54:00,1.3382,1.33832,1.33815,1.33829,108.0
2026-07-07 05:55:00,1.33825,1.33834,1.33823,1.33834,126.0
2026-07-07 05:56:00,1.33833,1.33833,1.33821,1.33821,82.0
2026-07-07 05:57:00,1.33823,1.33825,1.33818,1.33818,148.0
2026-07-07 05:58:00,1.33816,1.33816,1.33804,1.33804,109.0
2026-07-07 05:59:00,1.33805,1.33811,1.338,1.338,134.0
2026-07-07 06:00:00,1.338,1.338,1.3377,1.3377,208.0
2026-07-07 06:01:00,1.33766,1.33782,1.33754,1.33782,323.0
2026-07-07 06:02:00,1.33777,1.33777,1.33745,1.3375,140.0
2026-07-07 06:03:00,1.33741,1.33743,1.33724,1.33724,222.0
2026-07-07 06:04:00,1.33728,1.33728,1.3371,1.33711,181.0
2026-07-07 06:05:00,1.33709,1.33713,1.33695,1.33702,253.0
2026-07-07 06:06:00,1.33703,1.33722,1.33703,1.33722,164.0
2026-07-07 06:07:00,1.33745,1.33752,1.3373,1.3373,231.0
2026-07-07 06:08:00,1.33733,1.33759,1.33733,1.33744,244.0
2026-07-07 06:09:00,1.33743,1.33768,1.33741,1.33768,135.0
2026-07-07 06:10:00,1.33762,1.33763,1.33758,1.33759,143.0
2026-07-07 06:11:00,1.33755,1.33774,1.33755,1.33774,125.0
2026-07-07 06:12:00,1.33772,1.33783,1.33772,1.33783,73.0
2026-07-07 06:13:00,1.33784,1.33802,1.33784,1.33801,116.0
2026-07-07 06:14:00,1.33798,1.33801,1.3379,1.33793,112.0
2026-07-07 06:15:00,1.33795,1.33795,1.33783,1.33793,124.0
2026-07-07 06:16:00,1.33794,1.33798,1.33793,1.33797,136.0
2026-07-07 06:17:00,1.33795,1.33817,1.33795,1.33817,120.0
2026-07-07 06:18:00,1.33816,1.33816,1.33809,1.33812,78.0
2026-07-07 06:19:00,1.338,1.33802,1.33794,1.33802,141.0
2026-07-07 06:20:00,1.33798,1.33804,1.33794,1.33804,76.0
2026-07-07 06:21:00,1.33808,1.33808,1.33803,1.33803,81.0
2026-07-07 06:22:00,1.33805,1.33807,1.33801,1.33806,81.0
2026-07-07 06:23:00,1.33807,1.3381,1.33804,1.33805,65.0
2026-07-07 06:24:00,1.33817,1.33817,1.33805,1.33816,118.0
2026-07-07 06:25:00,1.33817,1.33817,1.3381,1.33813,70.0
2026-07-07 06:26:00,1.33816,1.33823,1.33814,1.33817,82.0
2026-07-07 06:27:00,1.33818,1.33823,1.33818,1.33822,83.0
2026-07-07 06:28:00,1.33821,1.33834,1.33821,1.33827,136.0
2026-07-07 06:29:00,1.33828,1.33828,1.33821,1.33823,129.0
2026-07-07 06:30:00,1.33823,1.33823,1.33814,1.33815,247.0
2026-07-07 06:31:00,1.33817,1.33827,1.33817,1.33827,49.0
2026-07-07 06:32:00,1.33831,1.33843,1.33831,1.33837,153.0
2026-07-07 06:33:00,1.3384,1.3384,1.33831,1.33833,104.0
2026-07-07 06:34:00,1.33828,1.33828,1.33821,1.33822,87.0
2026-07-07 06:35:00,1.33821,1.33824,1.33821,1.33823,174.0
2026-07-07 06:36:00,1.33823,1.33823,1.33809,1.33812,191.0
2026-07-07 06:37:00,1.33817,1.33825,1.33817,1.33825,130.0
2026-07-07 06:38:00,1.33824,1.33836,1.33824,1.33834,115.0
2026-07-07 06:39:00,1.33835,1.33843,1.33834,1.33843,129.0
2026-07-07 06:40:00,1.33845,1.33845,1.33843,1.33844,90.0
2026-07-07 06:41:00,1.33842,1.33844,1.33834,1.33842,195.0
2026-07-07 06:42:00,1.33841,1.33842,1.33837,1.33838,155.0
2026-07-07 06:43:00,1.33833,1.33838,1.33832,1.33833,150.0
2026-07-07 06:44:00,1.33833,1.33834,1.33827,1.33828,125.0
2026-07-07 06:45:00,1.3383,1.33836,1.3383,1.33835,119.0
2026-07-07 06:46:00,1.33834,1.33835,1.33831,1.33831,67.0
2026-07-07 06:47:00,1.33832,1.33833,1.33829,1.33832,98.0
2026-07-07 06:48:00,1.33832,1.33835,1.33824,1.33825,120.0
2026-07-07 06:49:00,1.33823,1.33825,1.33822,1.33825,104.0
2026-07-07 06:50:00,1.33825,1.33831,1.33822,1.33826,107.0
2026-07-07 06:51:00,1.33827,1.33837,1.33827,1.33837,96.0
2026-07-07 06:52:00,1.33835,1.33843,1.33835,1.33841,109.0
2026-07-07 06:53:00,1.33835,1.33843,1.33833,1.33842,113.0
2026-07-07 06:54:00,1.33841,1.33855,1.33839,1.33855,119.0
2026-07-07 06:55:00,1.33852,1.33861,1.33851,1.33857,225.0
2026-07-07 06:56:00,1.33856,1.33858,1.33853,1.33854,162.0
2026-07-07 06:57:00,1.33852,1.33863,1.33852,1.33856,197.0
2026-07-07 06:58:00,1.3386,1.3386,1.33842,1.33842,264.0
2026-07-07 06:59:00,1.33846,1.33848,1.33844,1.33848,164.0
2026-07-07 07:00:00,1.33833,1.33852,1.33833,1.33852,262.0
2026-07-07 07:01:00,1.33852,1.33854,1.33843,1.33853,154.0
2026-07-07 07:02:00,1.33845,1.33845,1.33833,1.33841,255.0
2026-07-07 07:03:00,1.33847,1.33857,1.33845,1.33856,154.0
2026-07-07 07:04:00,1.33852,1.33884,1.33852,1.33883,264.0
2026-07-07 07:05:00,1.33883,1.33886,1.33866,1.33871,310.0
2026-07-07 07:06:00,1.3387,1.3387,1.33842,1.33843,161.0
2026-07-07 07:07:00,1.33844,1.33851,1.33843,1.33846,139.0
2026-07-07 07:08:00,1.33848,1.33852,1.33843,1.33843,193.0
2026-07-07 07:09:00,1.33844,1.33849,1.33843,1.33849,100.0
2026-07-07 07:10:00,1.33853,1.33853,1.33852,1.33853,62.0
2026-07-07 07:11:00,1.33852,1.33852,1.33844,1.33852,99.0
2026-07-07 07:12:00,1.33854,1.33864,1.33854,1.33863,156.0
2026-07-07 07:13:00,1.33869,1.33871,1.33869,1.33871,91.0
2026-07-07 07:14:00,1.3387,1.33871,1.33863,1.33864,83.0
2026-07-07 07:15:00,1.33861,1.33866,1.3386,1.33865,134.0
2026-07-07 07:16:00,1.3386,1.33882,1.3386,1.33874,231.0
2026-07-07 07:17:00,1.33873,1.33874,1.3386,1.33874,183.0
2026-07-07 07:18:00,1.3388,1.33888,1.33872,1.33888,210.0
2026-07-07 07:19:00,1.33887,1.33895,1.33885,1.33892,172.0
2026-07-07 07:20:00,1.3389,1.33894,1.33886,1.33893,163.0
2026-07-07 07:21:00,1.33895,1.33925,1.33895,1.33914,244.0
2026-07-07 07:22:00,1.33913,1.33935,1.33911,1.33932,217.0
2026-07-07 07:23:00,1.33934,1.33938,1.33922,1.33922,250.0
2026-07-07 07:24:00,1.33921,1.33921,1.33893,1.33895,229.0
2026-07-07 07:25:00,1.33891,1.33901,1.33891,1.33892,201.0
2026-07-07 07:26:00,1.33883,1.33886,1.3388,1.33882,166.0
2026-07-07 07:27:00,1.33881,1.33893,1.33881,1.33892,160.0
2026-07-07 07:28:00,1.33893,1.33897,1.33891,1.33896,125.0
2026-07-07 07:29:00,1.33892,1.33894,1.33884,1.33887,199.0
2026-07-07 07:30:00,1.33883,1.33894,1.33883,1.33894,230.0
2026-07-07 07:31:00,1.33891,1.33892,1.33874,1.33874,174.0
2026-07-07 07:32:00,1.33874,1.33875,1.33864,1.33865,205.0
2026-07-07 07:33:00,1.33866,1.33873,1.33866,1.33872,170.0
2026-07-07 07:34:00,1.33874,1.33884,1.33874,1.3388,177.0
2026-07-07 07:35:00,1.3388,1.33882,1.33875,1.33881,148.0
2026-07-07 07:36:00,1.3388,1.33883,1.33872,1.33872,127.0
2026-07-07 07:37:00,1.3387,1.33874,1.33865,1.33874,170.0
2026-07-07 07:38:00,1.33881,1.33882,1.3387,1.33882,143.0
2026-07-07 07:39:00,1.33896,1.33896,1.33883,1.33888,207.0
2026-07-07 07:40:00,1.33887,1.33894,1.33883,1.33883,192.0
2026-07-07 07:41:00,1.33881,1.33884,1.3388,1.33882,138.0
2026-07-07 07:42:00,1.33883,1.33886,1.33876,1.33881,112.0
2026-07-07 07:43:00,1.3388,1.33885,1.33872,1.33872,156.0
2026-07-07 07:44:00,1.33867,1.33874,1.33862,1.33863,268.0
2026-07-07 07:45:00,1.33875,1.33875,1.33867,1.33867,225.0
2026-07-07 07:46:00,1.33876,1.33876,1.3385,1.33854,243.0
2026-07-07 07:47:00,1.33861,1.33866,1.33861,1.33861,184.0
2026-07-07 07:48:00,1.33864,1.33874,1.33864,1.33874,205.0
2026-07-07 07:49:00,1.33873,1.33882,1.33873,1.33874,139.0
2026-07-07 07:50:00,1.33873,1.33883,1.33867,1.33868,213.0
2026-07-07 07:51:00,1.33864,1.3388,1.33864,1.33874,195.0
2026-07-07 07:52:00,1.33874,1.33876,1.33868,1.33875,232.0
2026-07-07 07:53:00,1.33877,1.33877,1.33832,1.33846,614.0
2026-07-07 07:54:00,1.33863,1.33864,1.33852,1.33864,412.0
2026-07-07 07:55:00,1.33863,1.33893,1.33863,1.33874,357.0
2026-07-07 07:56:00,1.33875,1.33883,1.33865,1.33883,252.0
2026-07-07 07:57:00,1.33873,1.33898,1.33873,1.33893,469.0
2026-07-07 07:58:00,1.33894,1.33902,1.33887,1.33895,219.0
2026-07-07 07:59:00,1.33897,1.33898,1.33882,1.33882,179.0
2026-07-07 08:00:00,1.33886,1.33889,1.33876,1.33884,404.0
2026-07-07 08:01:00,1.33895,1.33907,1.33891,1.33891,329.0
2026-07-07 08:02:00,1.33891,1.33891,1.33861,1.33861,293.0
2026-07-07 08:03:00,1.33871,1.33875,1.3387,1.33872,240.0
2026-07-07 08:04:00,1.33873,1.33897,1.3387,1.33894,261.0
2026-07-07 08:05:00,1.33893,1.33894,1.33886,1.33891,255.0
2026-07-07 08:06:00,1.3389,1.33895,1.33885,1.3389,231.0
2026-07-07 08:07:00,1.33886,1.33886,1.33873,1.33873,258.0
2026-07-07 08:08:00,1.33874,1.33874,1.33862,1.33862,236.0
2026-07-07 08:09:00,1.33861,1.33863,1.33857,1.3386,192.0
2026-07-07 08:10:00,1.33853,1.33853,1.3384,1.33843,244.0
2026-07-07 08:11:00,1.33843,1.33843,1.33831,1.33841,296.0
2026-07-07 08:12:00,1.33838,1.33844,1.33836,1.33844,267.0
2026-07-07 08:13:00,1.33842,1.33862,1.33838,1.33862,262.0
2026-07-07 08:14:00,1.33864,1.33885,1.33864,1.33878,280.0
2026-07-07 08:15:00,1.33877,1.33884,1.33875,1.33883,249.0
2026-07-07 08:16:00,1.33877,1.33878,1.33856,1.33863,306.0
2026-07-07 08:17:00,1.33862,1.33864,1.33844,1.33853,258.0
2026-07-07 08:18:00,1.33855,1.33856,1.33838,1.33838,196.0
2026-07-07 08:19:00,1.33822,1.33836,1.3382,1.33832,422.0
2026-07-07 08:20:00,1.33827,1.33846,1.33826,1.33835,384.0
2026-07-07 08:21:00,1.33844,1.33851,1.33829,1.33838,318.0
2026-07-07 08:22:00,1.33835,1.33855,1.33833,1.33855,246.0
2026-07-07 08:23:00,1.33853,1.33868,1.33852,1.33865,271.0
2026-07-07 08:24:00,1.3386,1.3386,1.33834,1.33834,223.0
2026-07-07 08:25:00,1.33833,1.33855,1.33833,1.33854,169.0
2026-07-07 08:26:00,1.33854,1.33869,1.33852,1.33863,177.0
2026-07-07 08:27:00,1.33864,1.33878,1.33864,1.33875,97.0
2026-07-07 08:28:00,1.33879,1.33891,1.33879,1.33888,126.0
2026-07-07 08:29:00,1.33889,1.33902,1.33884,1.33884,171.0
2026-07-07 08:30:00,1.33898,1.33923,1.33893,1.33903,212.0
2026-07-07 08:31:00,1.33883,1.33883,1.33879,1.33882,82.0
2026-07-07 08:32:00,1.33883,1.33904,1.33883,1.33896,203.0
2026-07-07 08:33:00,1.33897,1.33915,1.33892,1.33894,219.0
2026-07-07 08:34:00,1.33897,1.33903,1.33891,1.33895,216.0
2026-07-07 08:35:00,1.33897,1.33897,1.33877,1.33885,242.0
2026-07-07 08:36:00,1.33881,1.33888,1.33876,1.33883,306.0
2026-07-07 08:37:00,1.33884,1.33885,1.33877,1.33877,243.0
2026-07-07 08:38:00,1.33878,1.33882,1.33864,1.33873,256.0
2026-07-07 08:39:00,1.33868,1.33873,1.33854,1.33854,189.0
2026-07-07 08:40:00,1.33855,1.33855,1.33842,1.33842,183.0
2026-07-07 08:41:00,1.33843,1.33844,1.33825,1.33825,169.0
2026-07-07 08:42:00,1.33826,1.33835,1.3382,1.3382,141.0
2026-07-07 08:43:00,1.33815,1.33834,1.33813,1.33824,194.0
2026-07-07 08:44:00,1.33823,1.33824,1.33814,1.33816,207.0
2026-07-07 08:45:00,1.33817,1.33829,1.33815,1.33828,175.0
2026-07-07 08:46:00,1.3383,1.3383,1.33813,1.33815,145.0
2026-07-07 08:47:00,1.33824,1.33838,1.33824,1.33838,235.0
2026-07-07 08:48:00,1.33836,1.33846,1.33833,1.33836,201.0
2026-07-07 08:49:00,1.33828,1.33833,1.33828,1.3383,108.0
2026-07-07 08:50:00,1.33822,1.33826,1.33822,1.33823,104.0
2026-07-07 08:51:00,1.3382,1.33827,1.33819,1.33824,132.0
2026-07-07 08:52:00,1.33825,1.33825,1.33823,1.33823,71.0
2026-07-07 08:53:00,1.33821,1.33834,1.33821,1.33821,126.0
2026-07-07 08:54:00,1.33822,1.33833,1.33821,1.33833,129.0
2026-07-07 08:55:00,1.3383,1.33839,1.33825,1.33837,218.0
2026-07-07 08:56:00,1.33836,1.33836,1.33831,1.33832,115.0
2026-07-07 08:57:00,1.33831,1.33835,1.33827,1.33827,132.0
2026-07-07 08:58:00,1.33828,1.33832,1.33826,1.33831,124.0
2026-07-07 08:59:00,1.33832,1.33854,1.33832,1.33854,112.0
2026-07-07 09:00:00,1.33858,1.33858,1.33833,1.33833,250.0
2026-07-07 09:01:00,1.33834,1.33835,1.33824,1.33827,158.0
2026-07-07 09:02:00,1.33829,1.33835,1.33823,1.33833,167.0
2026-07-07 09:03:00,1.33834,1.33858,1.33834,1.33858,155.0
2026-07-07 09:04:00,1.33855,1.33855,1.33815,1.33815,394.0
2026-07-07 09:05:00,1.33813,1.33823,1.33813,1.33816,299.0
2026-07-07 09:06:00,1.33813,1.33813,1.33783,1.33794,204.0
2026-07-07 09:07:00,1.33795,1.33806,1.33794,1.33806,145.0
2026-07-07 09:08:00,1.33807,1.33807,1.3379,1.33798,171.0
2026-07-07 09:09:00,1.33796,1.33797,1.33787,1.33788,140.0
2026-07-07 09:10:00,1.33787,1.33787,1.33779,1.33779,175.0
2026-07-07 09:11:00,1.33778,1.33805,1.33774,1.338,194.0
2026-07-07 09:12:00,1.33804,1.33806,1.33795,1.33806,156.0
2026-07-07 09:13:00,1.33807,1.33815,1.33799,1.33799,205.0
2026-07-07 09:14:00,1.33804,1.33814,1.33801,1.33807,203.0
2026-07-07 09:15:00,1.33811,1.33822,1.33811,1.33822,139.0
2026-07-07 09:16:00,1.33819,1.33824,1.33817,1.33822,133.0
2026-07-07 09:17:00,1.33823,1.33861,1.33823,1.33852,205.0
2026-07-07 09:18:00,1.33844,1.33844,1.3382,1.3382,299.0
2026-07-07 09:19:00,1.33813,1.33813,1.33805,1.33812,202.0
