date,open,high,low,close,volume
2026-07-05 17:01:00,1.14456,1.14456,1.14456,1.14456,0.0
2026-07-05 17:02:00,1.14456,1.14456,1.14456,1.14456,0.0
2026-07-05 17:03:00,1.14403,1.14403,1.14403,1.14403,0.0
2026-07-05 17:04:00,1.14385,1.14385,1.14385,1.14385,1.0
2026-07-05 17:05:00,1.14377,1.14377,1.1437,1.14374,3.0
2026-07-05 17:06:00,1.1439,1.1439,1.1439,1.1439,0.0
2026-07-05 17:07:00,1.14377,1.14377,1.14377,1.14377,0.0
2026-07-05 17:08:00,1.14403,1.14403,1.14403,1.14403,0.0
2026-07-05 17:09:00,1.14374,1.14374,1.14362,1.14371,8.0
2026-07-05 17:10:00,1.14379,1.14379,1.14378,1.14378,4.0
2026-07-05 17:11:00,1.14376,1.1438,1.14376,1.1438,2.0
2026-07-05 17:12:00,1.1438,1.14381,1.1438,1.1438,6.0
2026-07-05 17:13:00,1.14403,1.14403,1.14403,1.14403,0.0
2026-07-05 17:14:00,1.14376,1.14376,1.14367,1.14367,2.0
2026-07-05 17:15:00,1.14368,1.1437,1.14365,1.14369,25.0
2026-07-05 17:16:00,1.14369,1.14369,1.1436,1.1436,13.0
2026-07-05 17:17:00,1.14361,1.14364,1.14359,1.14362,6.0
2026-07-05 17:18:00,1.14361,1.14361,1.14358,1.14358,4.0
2026-07-05 17:19:00,1.1436,1.14361,1.14359,1.1436,8.0
2026-07-05 17:20:00,1.1436,1.14378,1.1436,1.14378,7.0
2026-07-05 17:21:00,1.14379,1.14379,1.14378,1.14378,5.0
2026-07-05 17:22:00,1.1438,1.1438,1.14377,1.14377,7.0
2026-07-05 17:23:00,1.14378,1.14378,1.14376,1.14376,3.0
2026-07-05 17:24:00,1.14378,1.14379,1.14376,1.14379,5.0
2026-07-05 17:25:00,1.14378,1.14378,1.14376,1.14376,2.0
2026-07-05 17:26:00,1.14375,1.14377,1.14375,1.14376,5.0
2026-07-05 17:27:00,1.14376,1.14376,1.14375,1.14375,4.0
2026-07-05 17:28:00,1.14403,1.14403,1.14403,1.14403,0.0
2026-07-05 17:29:00,1.14376,1.14376,1.14376,1.14376,1.0
2026-07-05 17:30:00,1.14374,1.14376,1.14374,1.14376,5.0
2026-07-05 17:31:00,1.14377,1.14377,1.14377,1.14377,1.0
2026-07-05 17:32:00,1.14376,1.14376,1.14376,1.14376,2.0
2026-07-05 17:33:00,1.14375,1.14376,1.14374,1.14376,3.0
2026-07-05 17:34:00,1.14376,1.14376,1.14376,1.14376,1.0
2026-07-05 17:35:00,1.1439,1.1439,1.1439,1.1439,0.0
2026-07-05 17:36:00,1.14375,1.14376,1.14372,1.14372,13.0
2026-07-05 17:37:00,1.14372,1.14384,1.14372,1.14384,21.0
2026-07-05 17:38:00,1.14384,1.14385,1.14378,1.14378,9.0
2026-07-05 17:39:00,1.14378,1.14403,1.14378,1.14403,4.0
2026-07-05 17:40:00,1.14377,1.1438,1.14376,1.14376,6.0
2026-07-05 17:41:00,1.14376,1.14376,1.14371,1.14371,8.0
2026-07-05 17:42:00,1.14374,1.14374,1.1437,1.1437,6.0
2026-07-05 17:43:00,1.14366,1.1437,1.14362,1.14366,14.0
2026-07-05 17:44:00,1.1437,1.1437,1.14368,1.1437,10.0
2026-07-05 17:45:00,1.1437,1.14374,1.14366,1.1437,16.0
2026-07-05 17:46:00,1.14372,1.14372,1.14369,1.1437,11.0
2026-07-05 17:47:00,1.1437,1.1437,1.14368,1.14369,8.0
2026-07-05 17:48:00,1.14368,1.14372,1.14368,1.14372,11.0
2026-07-05 17:49:00,1.14374,1.14374,1.14373,1.14374,3.0
2026-07-05 17:50:00,1.14376,1.14376,1.14374,1.14374,5.0
2026-07-05 17:51:00,1.14376,1.14376,1.14374,1.14374,2.0
2026-07-05 17:52:00,1.14376,1.14377,1.14376,1.14376,5.0
2026-07-05 17:53:00,1.14377,1.14378,1.14376,1.14378,5.0
2026-07-05 17:54:00,1.1439,1.1439,1.1439,1.1439,0.0
2026-07-05 17:55:00,1.14379,1.1438,1.14379,1.1438,2.0
2026-07-05 17:56:00,1.14376,1.14382,1.14376,1.14379,7.0
2026-07-05 17:57:00,1.14378,1.14382,1.14376,1.14378,5.0
2026-07-05 17:58:00,1.14378,1.14383,1.14378,1.14382,10.0
2026-07-05 17:59:00,1.14382,1.14383,1.14382,1.14382,25.0
2026-07-05 18:00:00,1.14383,1.14387,1.14358,1.14372,79.0
2026-07-05 18:01:00,1.14374,1.14379,1.14368,1.14379,40.0
2026-07-05 18:02:00,1.14377,1.14377,1.1436,1.1436,30.0
2026-07-05 18:03:00,1.1436,1.14367,1.14356,1.14367,38.0
2026-07-05 18:04:00,1.14366,1.14368,1.14364,1.14366,19.0
2026-07-05 18:05:00,1.14364,1.14364,1.14353,1.14353,52.0
2026-07-05 18:06:00,1.14354,1.14355,1.1435,1.14352,31.0
2026-07-05 18:07:00,1.14352,1.14352,1.14349,1.14352,17.0
2026-07-05 18:08:00,1.14354,1.14366,1.14354,1.14362,38.0
2026-07-05 18:09:00,1.1436,1.1436,1.14355,1.14358,13.0
2026-07-05 18:10:00,1.14357,1.14366,1.14356,1.14366,44.0
2026-07-05 18:11:00,1.14366,1.14367,1.14365,1.14366,165.0
2026-07-05 18:12:00,1.14365,1.14366,1.1436,1.1436,117.0
2026-07-05 18:13:00,1.1436,1.14362,1.1436,1.14362,2.0
2026-07-05 18:14:00,1.14361,1.14362,1.14361,1.14362,6.0
2026-07-05 18:15:00,1.14361,1.14361,1.14357,1.14357,9.0
2026-07-05 18:16:00,1.14358,1.14358,1.14356,1.14356,19.0
2026-07-05 18:17:00,1.14356,1.14358,1.14355,1.14356,18.0
2026-07-05 18:18:00,1.14358,1.14358,1.14355,1.14356,12.0
2026-07-05 18:19:00,1.14356,1.14358,1.14356,1.14358,26.0
2026-07-05 18:20:00,1.14358,1.14359,1.14354,1.14358,13.0
2026-07-05 18:21:00,1.14358,1.1436,1.14357,1.14359,11.0
2026-07-05 18:22:00,1.1436,1.14364,1.1436,1.14362,6.0
2026-07-05 18:23:00,1.14363,1.14368,1.14362,1.14367,22.0
2026-07-05 18:24:00,1.14368,1.1437,1.14368,1.14368,6.0
2026-07-05 18:25:00,1.14367,1.1437,1.14366,1.14366,28.0
2026-07-05 18:26:00,1.14366,1.14366,1.14364,1.14366,3.0
2026-07-05 18:27:00,1.14368,1.14369,1.14367,1.14367,4.0
2026-07-05 18:28:00,1.14368,1.14368,1.14367,1.14367,12.0
2026-07-05 18:29:00,1.14364,1.14365,1.14364,1.14364,22.0
2026-07-05 18:30:00,1.14364,1.14365,1.14362,1.14363,32.0
2026-07-05 18:31:00,1.14364,1.14366,1.1436,1.14366,20.0
2026-07-05 18:32:00,1.14366,1.14368,1.14366,1.14368,8.0
2026-07-05 18:33:00,1.14368,1.1437,1.14368,1.14368,21.0
2026-07-05 18:34:00,1.14368,1.14368,1.14368,1.14368,22.0
2026-07-05 18:35:00,1.14368,1.1437,1.14368,1.14368,13.0
2026-07-05 18:36:00,1.14368,1.14368,1.14368,1.14368,2.0
2026-07-05 18:37:00,1.14368,1.14368,1.14368,1.14368,5.0
2026-07-05 18:38:00,1.14368,1.1437,1.14368,1.1437,5.0
2026-07-05 18:39:00,1.14371,1.14378,1.14371,1.14372,17.0
2026-07-05 18:40:00,1.14372,1.14374,1.1437,1.14374,26.0
2026-07-05 18:41:00,1.14374,1.14374,1.14374,1.14374,8.0
2026-07-05 18:42:00,1.14403,1.14403,1.14403,1.14403,0.0
2026-07-05 18:43:00,1.14374,1.14374,1.14374,1.14374,3.0
2026-07-05 18:44:00,1.14374,1.14379,1.14374,1.14378,14.0
2026-07-05 18:45:00,1.14378,1.14378,1.14378,1.14378,4.0
2026-07-05 18:46:00,1.14376,1.14376,1.14376,1.14376,2.0
2026-07-05 18:47:00,1.14377,1.14377,1.14376,1.14376,14.0
2026-07-05 18:48:00,1.14377,1.14379,1.14377,1.14378,10.0
2026-07-05 18:49:00,1.14376,1.14377,1.14375,1.14376,12.0
2026-07-05 18:50:00,1.14375,1.14375,1.14372,1.14374,12.0
2026-07-05 18:51:00,1.14373,1.14379,1.14373,1.14379,11.0
2026-07-05 18:52:00,1.14378,1.14378,1.14373,1.14374,26.0
2026-07-05 18:53:00,1.14373,1.14374,1.14373,1.14374,8.0
2026-07-05 18:54:00,1.14373,1.14373,1.14368,1.14368,8.0
2026-07-05 18:55:00,1.14367,1.14368,1.14359,1.14363,18.0
2026-07-05 18:56:00,1.14362,1.14363,1.14362,1.14363,12.0
2026-07-05 18:57:00,1.14364,1.14368,1.14364,1.14368,9.0
2026-07-05 18:58:00,1.14367,1.14368,1.14367,1.14368,2.0
2026-07-05 18:59:00,1.14368,1.14368,1.14366,1.14366,6.0
2026-07-05 19:00:00,1.14367,1.14372,1.14367,1.14372,21.0
2026-07-05 19:01:00,1.14372,1.14373,1.1437,1.14372,9.0
2026-07-05 19:02:00,1.14372,1.14372,1.14362,1.14362,11.0
2026-07-05 19:03:00,1.1436,1.1436,1.14353,1.14356,25.0
2026-07-05 19:04:00,1.14356,1.14356,1.14346,1.14346,20.0
2026-07-05 19:05:00,1.14346,1.14346,1.14344,1.14346,15.0
2026-07-05 19:06:00,1.14346,1.14346,1.14342,1.14342,10.0
2026-07-05 19:07:00,1.14344,1.14344,1.1434,1.14342,24.0
2026-07-05 19:08:00,1.14343,1.14347,1.14342,1.14344,25.0
2026-07-05 19:09:00,1.14345,1.14346,1.14336,1.14336,36.0
2026-07-05 19:10:00,1.14336,1.14342,1.14336,1.14342,18.0
2026-07-05 19:11:00,1.1434,1.14344,1.1434,1.14342,24.0
2026-07-05 19:12:00,1.14342,1.14346,1.14342,1.14346,26.0
2026-07-05 19:13:00,1.14346,1.14346,1.14336,1.14338,30.0
2026-07-05 19:14:00,1.14338,1.14343,1.14336,1.14343,22.0
2026-07-05 19:15:00,1.14342,1.14344,1.1434,1.1434,26.0
2026-07-05 19:16:00,1.14341,1.14341,1.14332,1.14332,15.0
2026-07-05 19:17:00,1.14332,1.14339,1.14332,1.14337,28.0
2026-07-05 19:18:00,1.14336,1.14336,1.14336,1.14336,1.0
2026-07-05 19:19:00,1.14334,1.14338,1.14332,1.14336,16.0
2026-07-05 19:20:00,1.14336,1.14346,1.14336,1.14346,16.0
2026-07-05 19:21:00,1.14347,1.14348,1.14346,1.14346,16.0
2026-07-05 19:22:00,1.14346,1.14346,1.14346,1.14346,7.0
2026-07-05 19:23:00,1.14346,1.1435,1.14346,1.14349,9.0
2026-07-05 19:24:00,1.1435,1.1435,1.14344,1.14344,22.0
2026-07-05 19:25:00,1.14345,1.14347,1.14342,1.14344,27.0
2026-07-05 19:26:00,1.14347,1.1435,1.14346,1.1435,25.0
2026-07-05 19:27:00,1.14349,1.14358,1.14349,1.14358,24.0
2026-07-05 19:28:00,1.14358,1.14369,1.14358,1.14366,56.0
2026-07-05 19:29:00,1.14367,1.14368,1.14362,1.14362,32.0
2026-07-05 19:30:00,1.14362,1.14364,1.14358,1.14362,38.0
2026-07-05 19:31:00,1.14362,1.14368,1.14358,1.14366,48.0
2026-07-05 19:32:00,1.14367,1.14373,1.14366,1.14368,29.0
2026-07-05 19:33:00,1.14367,1.14367,1.14364,1.14366,11.0
2026-07-05 19:34:00,1.14365,1.14366,1.14364,1.14366,16.0
2026-07-05 19:35:00,1.14367,1.1437,1.14366,1.14366,21.0
2026-07-05 19:36:00,1.14367,1.14368,1.14364,1.14364,23.0
2026-07-05 19:37:00,1.14364,1.1437,1.14364,1.14368,12.0
2026-07-05 19:38:00,1.14367,1.14371,1.14366,1.14369,19.0
2026-07-05 19:39:00,1.14368,1.14374,1.14368,1.14374,12.0
2026-07-05 19:40:00,1.14373,1.14377,1.14372,1.14377,15.0
2026-07-05 19:41:00,1.14376,1.14377,1.14375,1.14375,10.0
2026-07-05 19:42:00,1.14374,1.14378,1.14373,1.14374,16.0
2026-07-05 19:43:00,1.14374,1.14376,1.14374,1.14374,7.0
2026-07-05 19:44:00,1.14374,1.14378,1.14372,1.14374,23.0
2026-07-05 19:45:00,1.14373,1.14374,1.14362,1.14368,47.0
2026-07-05 19:46:00,1.1437,1.14382,1.1437,1.14376,99.0
2026-07-05 19:47:00,1.14377,1.14379,1.14362,1.14363,61.0
2026-07-05 19:48:00,1.14364,1.14368,1.14362,1.14366,51.0
2026-07-05 19:49:00,1.14367,1.14372,1.14366,1.14367,26.0
2026-07-05 19:50:00,1.14366,1.14366,1.14356,1.14362,51.0
2026-07-05 19:51:00,1.1436,1.14362,1.14356,1.1436,38.0
2026-07-05 19:52:00,1.1436,1.1436,1.14356,1.14357,46.0
2026-07-05 19:53:00,1.14356,1.14357,1.14352,1.14355,49.0
2026-07-05 19:54:00,1.14356,1.1436,1.14355,1.14359,40.0
2026-07-05 19:55:00,1.14358,1.14362,1.14358,1.14362,27.0
2026-07-05 19:56:00,1.1436,1.14374,1.14357,1.1437,51.0
2026-07-05 19:57:00,1.14371,1.14376,1.14368,1.14372,52.0
2026-07-05 19:58:00,1.1437,1.14378,1.1437,1.14375,65.0
2026-07-05 19:59:00,1.14376,1.14377,1.14368,1.14368,65.0
2026-07-05 20:00:00,1.14366,1.14373,1.14354,1.14356,145.0
2026-07-05 20:01:00,1.14356,1.14376,1.14356,1.14366,154.0
2026-07-05 20:02:00,1.14366,1.14376,1.14364,1.14368,165.0
2026-07-05 20:03:00,1.14368,1.14372,1.14356,1.14366,105.0
2026-07-05 20:04:00,1.14367,1.14368,1.14353,1.14354,99.0
2026-07-05 20:05:00,1.14354,1.14362,1.14354,1.14356,64.0
2026-07-05 20:06:00,1.14356,1.14356,1.14348,1.14348,53.0
2026-07-05 20:07:00,1.14349,1.14352,1.14346,1.14346,74.0
2026-07-05 20:08:00,1.14346,1.1435,1.14346,1.14348,57.0
2026-07-05 20:09:00,1.14348,1.1435,1.14328,1.14332,85.0
2026-07-05 20:10:00,1.14332,1.14344,1.1433,1.14343,69.0
2026-07-05 20:11:00,1.14344,1.14348,1.14342,1.14346,55.0
2026-07-05 20:12:00,1.14346,1.14354,1.14341,1.14352,56.0
2026-07-05 20:13:00,1.14353,1.14367,1.14353,1.14366,66.0
2026-07-05 20:14:00,1.14364,1.14364,1.14358,1.14364,31.0
2026-07-05 20:15:00,1.14363,1.1438,1.14362,1.14378,72.0
2026-07-05 20:16:00,1.14376,1.14404,1.14374,1.14402,110.0
2026-07-05 20:17:00,1.14404,1.14412,1.14396,1.14398,139.0
2026-07-05 20:18:00,1.14398,1.14398,1.14382,1.14384,76.0
2026-07-05 20:19:00,1.14382,1.14389,1.14382,1.14388,61.0
2026-07-05 20:20:00,1.14388,1.14392,1.14384,1.14392,54.0
2026-07-05 20:21:00,1.14391,1.14392,1.14382,1.14392,53.0
2026-07-05 20:22:00,1.1439,1.14391,1.14386,1.1439,35.0
2026-07-05 20:23:00,1.1439,1.1439,1.14382,1.14384,59.0
2026-07-05 20:24:00,1.14383,1.14386,1.14377,1.14384,62.0
2026-07-05 20:25:00,1.14384,1.14384,1.14376,1.14376,69.0
2026-07-05 20:26:00,1.14377,1.14378,1.14366,1.14366,120.0
2026-07-05 20:27:00,1.14366,1.1438,1.14366,1.14376,112.0
2026-07-05 20:28:00,1.14378,1.14382,1.14376,1.1438,27.0
2026-07-05 20:29:00,1.14382,1.14387,1.14376,1.14386,81.0
2026-07-05 20:30:00,1.14386,1.14406,1.14385,1.14398,185.0
2026-07-05 20:31:00,1.144,1.144,1.14384,1.1439,123.0
2026-07-05 20:32:00,1.1439,1.14398,1.1439,1.14396,65.0
2026-07-05 20:33:00,1.14396,1.14404,1.1439,1.1439,116.0
2026-07-05 20:34:00,1.1439,1.1439,1.14382,1.14386,72.0
2026-07-05 20:35:00,1.14386,1.14386,1.14376,1.14384,83.0
2026-07-05 20:36:00,1.14383,1.1439,1.14376,1.1439,77.0
2026-07-05 20:37:00,1.1439,1.14402,1.14389,1.144,85.0
2026-07-05 20:38:00,1.144,1.14404,1.14386,1.14386,73.0
2026-07-05 20:39:00,1.14386,1.14397,1.14386,1.14395,47.0
2026-07-05 20:40:00,1.14396,1.14404,1.14394,1.14404,42.0
2026-07-05 20:41:00,1.14406,1.14408,1.14402,1.14406,49.0
2026-07-05 20:42:00,1.14406,1.14408,1.14398,1.14405,50.0
2026-07-05 20:43:00,1.14404,1.14404,1.14396,1.14396,79.0
2026-07-05 20:44:00,1.14397,1.144,1.14396,1.14396,106.0
2026-07-05 20:45:00,1.14396,1.14401,1.14394,1.14394,52.0
2026-07-05 20:46:00,1.14396,1.14402,1.14396,1.144,25.0
2026-07-05 20:47:00,1.14402,1.14402,1.14396,1.14396,37.0
2026-07-05 20:48:00,1.14396,1.144,1.14389,1.14389,61.0
2026-07-05 20:49:00,1.14388,1.14388,1.14376,1.14382,118.0
2026-07-05 20:50:00,1.14382,1.14385,1.14373,1.14378,117.0
2026-07-05 20:51:00,1.14377,1.14384,1.14376,1.14378,37.0
2026-07-05 20:52:00,1.14379,1.14388,1.14372,1.14386,87.0
2026-07-05 20:53:00,1.14386,1.14389,1.14382,1.14389,66.0
2026-07-05 20:54:00,1.14388,1.14391,1.14373,1.14384,124.0
2026-07-05 20:55:00,1.14386,1.14398,1.14382,1.14396,140.0
2026-07-05 20:56:00,1.14396,1.14402,1.14382,1.14384,68.0
2026-07-05 20:57:00,1.14383,1.14395,1.14383,1.14392,80.0
2026-07-05 20:58:00,1.14393,1.14394,1.14382,1.14384,96.0
2026-07-05 20:59:00,1.14386,1.1439,1.14378,1.14384,91.0
2026-07-05 21:00:00,1.14384,1.14384,1.14369,1.14373,120.0
2026-07-05 21:01:00,1.14374,1.14378,1.14373,1.14374,81.0
2026-07-05 21:02:00,1.14374,1.14378,1.1437,1.14375,80.0
2026-07-05 21:03:00,1.14374,1.14374,1.14369,1.14372,65.0
2026-07-05 21:04:00,1.1437,1.14376,1.14366,1.14367,59.0
2026-07-05 21:05:00,1.14366,1.14371,1.14362,1.14362,69.0
2026-07-05 21:06:00,1.14362,1.1437,1.14359,1.1436,59.0
2026-07-05 21:07:00,1.1436,1.14364,1.14355,1.14356,66.0
2026-07-05 21:08:00,1.14356,1.1437,1.14352,1.14363,108.0
2026-07-05 21:09:00,1.14362,1.14366,1.14361,1.14365,53.0
2026-07-05 21:10:00,1.14367,1.14388,1.14367,1.14382,107.0
2026-07-05 21:11:00,1.14382,1.14384,1.1437,1.1437,56.0
2026-07-05 21:12:00,1.14369,1.14373,1.14356,1.14362,87.0
2026-07-05 21:13:00,1.14361,1.14368,1.14358,1.14366,83.0
2026-07-05 21:14:00,1.14367,1.14371,1.14366,1.14368,62.0
2026-07-05 21:15:00,1.14367,1.14367,1.14358,1.14361,105.0
2026-07-05 21:16:00,1.14362,1.14368,1.14352,1.14352,67.0
2026-07-05 21:17:00,1.14352,1.14352,1.14342,1.14343,31.0
2026-07-05 21:18:00,1.14345,1.14354,1.14345,1.14354,64.0
2026-07-05 21:19:00,1.14355,1.14359,1.14346,1.14348,62.0
2026-07-05 21:20:00,1.14348,1.1435,1.14332,1.14338,101.0
2026-07-05 21:21:00,1.14336,1.14338,1.14321,1.14322,168.0
2026-07-05 21:22:00,1.14322,1.14327,1.14318,1.14322,102.0
2026-07-05 21:23:00,1.14321,1.14323,1.14318,1.14319,59.0
2026-07-05 21:24:00,1.14318,1.14328,1.14318,1.14328,51.0
2026-07-05 21:25:00,1.14327,1.14332,1.14322,1.14322,39.0
2026-07-05 21:26:00,1.14321,1.14322,1.14306,1.14312,72.0
2026-07-05 21:27:00,1.14312,1.14312,1.1431,1.1431,65.0
2026-07-05 21:28:00,1.1431,1.14318,1.1431,1.14316,82.0
2026-07-05 21:29:00,1.14316,1.14318,1.14312,1.14316,48.0
2026-07-05 21:30:00,1.14318,1.14322,1.14306,1.14312,90.0
2026-07-05 21:31:00,1.14312,1.14326,1.14311,1.14326,103.0
2026-07-05 21:32:00,1.14328,1.14333,1.14322,1.14326,89.0
2026-07-05 21:33:00,1.14326,1.14326,1.14321,1.14326,60.0
2026-07-05 21:34:00,1.14326,1.14326,1.14316,1.1432,73.0
2026-07-05 21:35:00,1.1432,1.14326,1.14318,1.1432,74.0
2026-07-05 21:36:00,1.14318,1.14326,1.14318,1.14324,82.0
2026-07-05 21:37:00,1.14328,1.14343,1.14328,1.14342,88.0
2026-07-05 21:38:00,1.14342,1.14347,1.1434,1.14344,68.0
2026-07-05 21:39:00,1.14344,1.14348,1.14341,1.14348,37.0
2026-07-05 21:40:00,1.14348,1.14349,1.14342,1.14344,46.0
2026-07-05 21:41:00,1.14342,1.14348,1.1434,1.14342,77.0
2026-07-05 21:42:00,1.14342,1.14342,1.14338,1.14341,58.0
2026-07-05 21:43:00,1.14342,1.14342,1.14333,1.14338,39.0
2026-07-05 21:44:00,1.14338,1.14344,1.14338,1.14342,52.0
2026-07-05 21:45:00,1.14341,1.14342,1.1433,1.1433,54.0
2026-07-05 21:46:00,1.1433,1.1433,1.14324,1.14327,33.0
2026-07-05 21:47:00,1.14327,1.14336,1.14326,1.14336,40.0
2026-07-05 21:48:00,1.14336,1.14337,1.14327,1.1433,110.0
2026-07-05 21:49:00,1.1433,1.14332,1.14317,1.14318,79.0
2026-07-05 21:50:00,1.14319,1.14319,1.14311,1.14311,53.0
2026-07-05 21:51:00,1.14312,1.14312,1.14304,1.14312,81.0
2026-07-05 21:52:00,1.14312,1.14312,1.14306,1.14306,62.0
2026-07-05 21:53:00,1.14308,1.14316,1.14306,1.14306,73.0
2026-07-05 21:54:00,1.14307,1.1431,1.14306,1.14308,59.0
2026-07-05 21:55:00,1.14308,1.14313,1.14302,1.14302,74.0
2026-07-05 21:56:00,1.14304,1.14306,1.14301,1.14304,69.0
2026-07-05 21:57:00,1.14302,1.14302,1.14293,1.14296,45.0
2026-07-05 21:58:00,1.14296,1.14296,1.14284,1.14286,75.0
2026-07-05 21:59:00,1.14288,1.14288,1.14285,1.14286,61.0
2026-07-05 22:00:00,1.14286,1.14296,1.14284,1.14296,68.0
2026-07-05 22:01:00,1.14296,1.14296,1.14291,1.14296,55.0
2026-07-05 22:02:00,1.14294,1.14301,1.14291,1.14299,60.0
2026-07-05 22:03:00,1.14298,1.143,1.14295,1.14299,69.0
2026-07-05 22:04:00,1.14301,1.14301,1.14296,1.14297,44.0
2026-07-05 22:05:00,1.14296,1.14296,1.14286,1.14289,65.0
2026-07-05 22:06:00,1.14288,1.14289,1.14284,1.14284,54.0
2026-07-05 22:07:00,1.14284,1.14284,1.14276,1.1428,100.0
2026-07-05 22:08:00,1.1428,1.14287,1.1428,1.14286,32.0
2026-07-05 22:09:00,1.14288,1.14292,1.14282,1.14292,41.0
2026-07-05 22:10:00,1.14291,1.14294,1.14286,1.14292,66.0
2026-07-05 22:11:00,1.14294,1.14302,1.1429,1.14298,91.0
2026-07-05 22:12:00,1.14298,1.14299,1.14291,1.14292,79.0
2026-07-05 22:13:00,1.14292,1.14296,1.1429,1.14296,79.0
2026-07-05 22:14:00,1.14295,1.143,1.14294,1.14298,18.0
2026-07-05 22:15:00,1.14297,1.14298,1.14291,1.14296,26.0
2026-07-05 22:16:00,1.14294,1.14294,1.14286,1.14291,42.0
2026-07-05 22:17:00,1.14292,1.14298,1.14289,1.14298,35.0
2026-07-05 22:18:00,1.14297,1.14301,1.14292,1.143,52.0
2026-07-05 22:19:00,1.14301,1.14302,1.14298,1.143,52.0
2026-07-05 22:20:00,1.143,1.14308,1.143,1.14308,32.0
2026-07-05 22:21:00,1.14308,1.14308,1.14301,1.14302,95.0
2026-07-05 22:22:00,1.14302,1.14306,1.14302,1.14302,28.0
2026-07-05 22:23:00,1.14302,1.14305,1.14296,1.14296,25.0
2026-07-05 22:24:00,1.14297,1.14298,1.14292,1.14292,84.0
2026-07-05 22:25:00,1.14292,1.143,1.14292,1.14298,59.0
2026-07-05 22:26:00,1.14298,1.143,1.14297,1.14297,22.0
2026-07-05 22:27:00,1.14298,1.14298,1.14294,1.14294,64.0
2026-07-05 22:28:00,1.14296,1.14301,1.14295,1.14295,41.0
2026-07-05 22:29:00,1.14294,1.14296,1.14292,1.14293,30.0
2026-07-05 22:30:00,1.14295,1.14299,1.14292,1.14298,48.0
2026-07-05 22:31:00,1.14297,1.14297,1.14292,1.14294,30.0
2026-07-05 22:32:00,1.14294,1.143,1.14294,1.143,60.0
2026-07-05 22:33:00,1.14299,1.14302,1.14299,1.143,28.0
2026-07-05 22:34:00,1.143,1.14302,1.14297,1.14299,34.0
2026-07-05 22:35:00,1.14299,1.14307,1.14298,1.14298,51.0
2026-07-05 22:36:00,1.14297,1.14298,1.14292,1.14298,67.0
2026-07-05 22:37:00,1.14298,1.14299,1.14294,1.14296,28.0
2026-07-05 22:38:00,1.14298,1.14298,1.14296,1.14298,10.0
2026-07-05 22:39:00,1.14298,1.14302,1.14297,1.14298,52.0
2026-07-05 22:40:00,1.14297,1.14298,1.14288,1.1429,52.0
2026-07-05 22:41:00,1.14289,1.143,1.14289,1.143,60.0
2026-07-05 22:42:00,1.14302,1.14302,1.14298,1.14299,74.0
2026-07-05 22:43:00,1.14298,1.14303,1.14298,1.143,47.0
2026-07-05 22:44:00,1.14299,1.14302,1.14294,1.14297,67.0
2026-07-05 22:45:00,1.14298,1.14308,1.14298,1.14308,41.0
2026-07-05 22:46:00,1.14308,1.1431,1.14308,1.1431,33.0
2026-07-05 22:47:00,1.1431,1.14315,1.14308,1.1431,44.0
2026-07-05 22:48:00,1.14309,1.14314,1.14308,1.1431,96.0
2026-07-05 22:49:00,1.14311,1.14312,1.14309,1.14311,73.0
2026-07-05 22:50:00,1.14312,1.14312,1.14308,1.14308,48.0
2026-07-05 22:51:00,1.14309,1.14323,1.14309,1.14323,67.0
2026-07-05 22:52:00,1.14322,1.14334,1.14322,1.14332,58.0
2026-07-05 22:53:00,1.14332,1.14336,1.1433,1.14332,54.0
2026-07-05 22:54:00,1.14333,1.14334,1.14331,1.14333,53.0
2026-07-05 22:55:00,1.14332,1.14336,1.14332,1.14334,39.0
2026-07-05 22:56:00,1.14334,1.14334,1.14328,1.14332,44.0
2026-07-05 22:57:00,1.14334,1.14349,1.14334,1.14346,44.0
2026-07-05 22:58:00,1.14348,1.1435,1.14345,1.1435,22.0
2026-07-05 22:59:00,1.1435,1.14352,1.1434,1.1434,46.0
2026-07-05 23:00:00,1.14338,1.14348,1.14338,1.14346,47.0
2026-07-05 23:01:00,1.14347,1.14359,1.14345,1.14355,87.0
2026-07-05 23:02:00,1.14354,1.14354,1.1435,1.14352,69.0
2026-07-05 23:03:00,1.14352,1.14352,1.14348,1.14348,56.0
2026-07-05 23:04:00,1.14348,1.14352,1.14346,1.1435,61.0
2026-07-05 23:05:00,1.14347,1.14348,1.14344,1.14346,55.0
2026-07-05 23:06:00,1.14346,1.14346,1.14341,1.14345,34.0
2026-07-05 23:07:00,1.14344,1.14346,1.14342,1.14344,35.0
2026-07-05 23:08:00,1.14344,1.14344,1.1434,1.14341,32.0
2026-07-05 23:09:00,1.14342,1.14344,1.14341,1.14341,16.0
2026-07-05 23:10:00,1.1434,1.14343,1.14339,1.14339,26.0
2026-07-05 23:11:00,1.14342,1.14344,1.14341,1.14341,53.0
2026-07-05 23:12:00,1.1434,1.14342,1.14338,1.14338,29.0
2026-07-05 23:13:00,1.14338,1.14338,1.14332,1.14334,30.0
2026-07-05 23:14:00,1.14336,1.14336,1.1433,1.1433,28.0
2026-07-05 23:15:00,1.1433,1.1433,1.14319,1.14321,38.0
2026-07-05 23:16:00,1.14322,1.14332,1.14321,1.14328,34.0
2026-07-05 23:17:00,1.1433,1.14334,1.1433,1.14333,52.0
2026-07-05 23:18:00,1.14332,1.14332,1.1433,1.1433,18.0
2026-07-05 23:19:00,1.1433,1.1433,1.14326,1.14328,37.0
2026-07-05 23:20:00,1.14326,1.14329,1.14324,1.14326,21.0
2026-07-05 23:21:00,1.14328,1.14328,1.14321,1.14322,46.0
2026-07-05 23:22:00,1.14322,1.14323,1.14308,1.14315,58.0
2026-07-05 23:23:00,1.14314,1.14318,1.14308,1.14308,43.0
2026-07-05 23:24:00,1.14308,1.14308,1.14302,1.14302,42.0
2026-07-05 23:25:00,1.14303,1.1431,1.14298,1.14306,84.0
2026-07-05 23:26:00,1.14307,1.14307,1.14297,1.14299,40.0
2026-07-05 23:27:00,1.14298,1.14306,1.14298,1.14306,42.0
2026-07-05 23:28:00,1.14306,1.14306,1.14298,1.14298,26.0
2026-07-05 23:29:00,1.14299,1.143,1.14291,1.14291,38.0
2026-07-05 23:30:00,1.14292,1.14292,1.14287,1.14288,72.0
2026-07-05 23:31:00,1.14288,1.14288,1.14282,1.14285,56.0
2026-07-05 23:32:00,1.14286,1.14288,1.14281,1.14287,53.0
2026-07-05 23:33:00,1.14286,1.14288,1.14286,1.14288,30.0
2026-07-05 23:34:00,1.14287,1.14289,1.14286,1.14287,42.0
2026-07-05 23:35:00,1.14288,1.14299,1.14286,1.14297,47.0
2026-07-05 23:36:00,1.14297,1.143,1.14296,1.14299,62.0
2026-07-05 23:37:00,1.14298,1.14299,1.14292,1.14292,43.0
2026-07-05 23:38:00,1.14293,1.14296,1.14289,1.14294,29.0
2026-07-05 23:39:00,1.14295,1.143,1.14294,1.143,34.0
2026-07-05 23:40:00,1.14298,1.143,1.14296,1.14299,42.0
2026-07-05 23:41:00,1.143,1.14302,1.14296,1.14302,71.0
2026-07-05 23:42:00,1.14302,1.14308,1.14301,1.14304,73.0
2026-07-05 23:43:00,1.14302,1.14305,1.14301,1.14302,38.0
2026-07-05 23:44:00,1.14302,1.14312,1.14302,1.14312,35.0
2026-07-05 23:45:00,1.14312,1.14319,1.14312,1.14318,33.0
2026-07-05 23:46:00,1.14318,1.14322,1.14316,1.14318,44.0
2026-07-05 23:47:00,1.14318,1.1432,1.14316,1.14318,36.0
2026-07-05 23:48:00,1.14318,1.14318,1.14312,1.14312,14.0
2026-07-05 23:49:00,1.14312,1.14312,1.14306,1.14307,37.0
2026-07-05 23:50:00,1.14308,1.14312,1.14307,1.14307,35.0
2026-07-05 23:51:00,1.14308,1.14308,1.14306,1.14306,24.0
2026-07-05 23:52:00,1.14305,1.14305,1.14297,1.14299,41.0
2026-07-05 23:53:00,1.14299,1.14302,1.14299,1.14302,44.0
2026-07-05 23:54:00,1.14301,1.14302,1.143,1.14302,53.0
2026-07-05 23:55:00,1.14301,1.1431,1.14301,1.14308,35.0
2026-07-05 23:56:00,1.14308,1.14315,1.14306,1.14314,22.0
2026-07-05 23:57:00,1.14315,1.14316,1.14312,1.14315,38.0
2026-07-05 23:58:00,1.14316,1.14322,1.1431,1.14311,62.0
2026-07-05 23:59:00,1.1431,1.14321,1.1431,1.14318,60.0
2026-07-06 00:00:00,1.14318,1.1432,1.14316,1.14318,30.0
2026-07-06 00:01:00,1.1432,1.14322,1.1432,1.14321,63.0
2026-07-06 00:02:00,1.1432,1.1432,1.14316,1.14317,26.0
2026-07-06 00:03:00,1.14318,1.14322,1.14316,1.14322,32.0
2026-07-06 00:04:00,1.14322,1.14326,1.14322,1.14322,32.0
2026-07-06 00:05:00,1.14324,1.14327,1.14322,1.14322,33.0
2026-07-06 00:06:00,1.14323,1.14323,1.14318,1.1432,24.0
2026-07-06 00:07:00,1.14318,1.14325,1.14318,1.14325,21.0
2026-07-06 00:08:00,1.14324,1.14326,1.14322,1.14326,34.0
2026-07-06 00:09:00,1.14326,1.14326,1.14322,1.14322,24.0
2026-07-06 00:10:00,1.14322,1.14333,1.14322,1.14333,45.0
2026-07-06 00:11:00,1.14332,1.14334,1.14332,1.14332,13.0
2026-07-06 00:12:00,1.14332,1.1434,1.14332,1.1434,54.0
2026-07-06 00:13:00,1.14339,1.1434,1.14334,1.14338,30.0
2026-07-06 00:14:00,1.14339,1.14342,1.14332,1.14334,31.0
2026-07-06 00:15:00,1.14333,1.14334,1.1433,1.14334,22.0
2026-07-06 00:16:00,1.14334,1.14342,1.14333,1.14337,54.0
2026-07-06 00:17:00,1.14338,1.14338,1.14328,1.14328,32.0
2026-07-06 00:18:00,1.14328,1.1433,1.14326,1.1433,20.0
2026-07-06 00:19:00,1.1433,1.1433,1.14328,1.14328,3.0
2026-07-06 00:20:00,1.14328,1.14328,1.14327,1.14328,9.0
2026-07-06 00:21:00,1.14328,1.14328,1.14327,1.14327,3.0
2026-07-06 00:22:00,1.14326,1.14326,1.14322,1.14322,9.0
2026-07-06 00:23:00,1.14322,1.14326,1.14322,1.14324,50.0
2026-07-06 00:24:00,1.14322,1.1433,1.14322,1.14328,51.0
2026-07-06 00:25:00,1.14326,1.14329,1.14325,1.14326,40.0
2026-07-06 00:26:00,1.14326,1.14328,1.14322,1.14327,49.0
2026-07-06 00:27:00,1.14326,1.14327,1.14324,1.14324,18.0
2026-07-06 00:28:00,1.14322,1.14324,1.14322,1.14322,37.0
2026-07-06 00:29:00,1.14322,1.14322,1.1432,1.14322,18.0
2026-07-06 00:30:00,1.14322,1.14326,1.14322,1.14324,23.0
2026-07-06 00:31:00,1.14324,1.1433,1.14324,1.14328,32.0
2026-07-06 00:32:00,1.14329,1.14333,1.14328,1.14332,44.0
2026-07-06 00:33:00,1.14332,1.14333,1.14331,1.14332,61.0
2026-07-06 00:34:00,1.14332,1.14332,1.14326,1.14327,25.0
2026-07-06 00:35:00,1.14326,1.14326,1.14322,1.14324,35.0
2026-07-06 00:36:00,1.14324,1.14324,1.14322,1.14322,13.0
2026-07-06 00:37:00,1.14323,1.14326,1.14322,1.14324,21.0
2026-07-06 00:38:00,1.14325,1.14325,1.14322,1.14322,22.0
2026-07-06 00:39:00,1.14322,1.14324,1.14318,1.14324,31.0
2026-07-06 00:40:00,1.14322,1.14328,1.14322,1.14327,23.0
2026-07-06 00:41:00,1.14326,1.14326,1.14322,1.14322,28.0
2026-07-06 00:42:00,1.14322,1.14332,1.14322,1.14328,50.0
2026-07-06 00:43:00,1.14326,1.14328,1.14324,1.14326,43.0
2026-07-06 00:44:00,1.14327,1.14336,1.14325,1.14336,29.0
2026-07-06 00:45:00,1.14334,1.14334,1.14328,1.14332,16.0
2026-07-06 00:46:00,1.14331,1.14332,1.14322,1.14323,68.0
2026-07-06 00:47:00,1.14322,1.14326,1.14322,1.14323,39.0
2026-07-06 00:48:00,1.14324,1.14332,1.14324,1.14332,54.0
2026-07-06 00:49:00,1.14334,1.14336,1.14332,1.14332,42.0
2026-07-06 00:50:00,1.14331,1.14334,1.14328,1.14328,48.0
2026-07-06 00:51:00,1.14329,1.14329,1.1432,1.14321,34.0
2026-07-06 00:52:00,1.1432,1.14325,1.1432,1.14322,34.0
2026-07-06 00:53:00,1.14322,1.14326,1.14322,1.14324,46.0
2026-07-06 00:54:00,1.14325,1.1433,1.14324,1.1433,34.0
2026-07-06 00:55:00,1.14331,1.14333,1.14326,1.14328,39.0
2026-07-06 00:56:00,1.14327,1.14336,1.14325,1.14334,51.0
2026-07-06 00:57:00,1.14332,1.14332,1.14328,1.14329,14.0
2026-07-06 00:58:00,1.14332,1.14332,1.14328,1.1433,43.0
2026-07-06 00:59:00,1.14328,1.14329,1.14326,1.14328,30.0
2026-07-06 01:00:00,1.14329,1.14333,1.14317,1.14318,59.0
2026-07-06 01:01:00,1.14319,1.14319,1.1431,1.1431,46.0
2026-07-06 01:02:00,1.14312,1.14316,1.1431,1.14312,53.0
2026-07-06 01:03:00,1.14311,1.14312,1.143,1.143,83.0
2026-07-06 01:04:00,1.143,1.14302,1.14299,1.143,51.0
2026-07-06 01:05:00,1.143,1.14302,1.14298,1.14301,34.0
2026-07-06 01:06:00,1.143,1.14301,1.14296,1.14301,59.0
2026-07-06 01:07:00,1.143,1.14301,1.14296,1.14296,43.0
2026-07-06 01:08:00,1.14295,1.14296,1.14289,1.1429,50.0
2026-07-06 01:09:00,1.1429,1.14291,1.14287,1.14288,64.0
2026-07-06 01:10:00,1.14288,1.14291,1.14288,1.1429,16.0
2026-07-06 01:11:00,1.1429,1.14298,1.14288,1.14298,42.0
2026-07-06 01:12:00,1.14296,1.14311,1.14296,1.14303,62.0
2026-07-06 01:13:00,1.14304,1.14306,1.14296,1.14301,76.0
2026-07-06 01:14:00,1.14302,1.14302,1.14297,1.14299,49.0
2026-07-06 01:15:00,1.14298,1.14299,1.14294,1.14298,73.0
2026-07-06 01:16:00,1.14298,1.143,1.14296,1.14296,85.0
2026-07-06 01:17:00,1.14295,1.14296,1.14292,1.14292,23.0
2026-07-06 01:18:00,1.14292,1.14294,1.14286,1.14286,57.0
2026-07-06 01:19:00,1.14288,1.14292,1.14286,1.14286,33.0
2026-07-06 01:20:00,1.14287,1.14292,1.14286,1.14292,27.0
2026-07-06 01:21:00,1.14291,1.14292,1.14281,1.14284,46.0
2026-07-06 01:22:00,1.14282,1.1429,1.14281,1.14289,37.0
2026-07-06 01:23:00,1.14288,1.14291,1.14284,1.14286,23.0
2026-07-06 01:24:00,1.14284,1.14286,1.1428,1.14281,33.0
2026-07-06 01:25:00,1.1428,1.14286,1.1428,1.14286,21.0
2026-07-06 01:26:00,1.14284,1.14284,1.14276,1.14279,43.0
2026-07-06 01:27:00,1.14278,1.14281,1.14276,1.14281,34.0
2026-07-06 01:28:00,1.14282,1.1429,1.14282,1.1429,40.0
2026-07-06 01:29:00,1.14291,1.14292,1.14288,1.14288,28.0
2026-07-06 01:30:00,1.14288,1.143,1.14282,1.14296,82.0
2026-07-06 01:31:00,1.14297,1.14302,1.14294,1.14302,57.0
2026-07-06 01:32:00,1.14304,1.14309,1.143,1.14308,48.0
2026-07-06 01:33:00,1.14308,1.14324,1.14308,1.14322,58.0
2026-07-06 01:34:00,1.14322,1.14324,1.14317,1.14317,60.0
2026-07-06 01:35:00,1.14318,1.14318,1.14311,1.14317,49.0
2026-07-06 01:36:00,1.14316,1.14318,1.14316,1.14316,35.0
2026-07-06 01:37:00,1.14317,1.1432,1.14316,1.1432,17.0
2026-07-06 01:38:00,1.1432,1.14322,1.14316,1.1432,40.0
2026-07-06 01:39:00,1.14318,1.14324,1.1431,1.14311,62.0
2026-07-06 01:40:00,1.14312,1.14316,1.1431,1.14314,42.0
2026-07-06 01:41:00,1.14314,1.14314,1.14302,1.14306,72.0
2026-07-06 01:42:00,1.14305,1.14306,1.14299,1.14302,47.0
2026-07-06 01:43:00,1.14302,1.14302,1.14296,1.14299,42.0
2026-07-06 01:44:00,1.14298,1.14298,1.14295,1.14296,27.0
2026-07-06 01:45:00,1.14296,1.14304,1.14291,1.14304,24.0
2026-07-06 01:46:00,1.14306,1.14312,1.14306,1.14312,32.0
2026-07-06 01:47:00,1.14312,1.14314,1.14311,1.14312,15.0
2026-07-06 01:48:00,1.14311,1.14316,1.1431,1.14311,42.0
2026-07-06 01:49:00,1.14312,1.14313,1.14302,1.14304,55.0
2026-07-06 01:50:00,1.14302,1.14306,1.143,1.143,32.0
2026-07-06 01:51:00,1.143,1.143,1.14294,1.14296,59.0
2026-07-06 01:52:00,1.14296,1.143,1.14296,1.14298,48.0
2026-07-06 01:53:00,1.14298,1.143,1.14292,1.14296,50.0
2026-07-06 01:54:00,1.14296,1.14302,1.14296,1.143,34.0
2026-07-06 01:55:00,1.14302,1.14304,1.14282,1.14283,70.0
2026-07-06 01:56:00,1.14282,1.1429,1.1428,1.14283,66.0
2026-07-06 01:57:00,1.14282,1.14282,1.14272,1.14272,62.0
2026-07-06 01:58:00,1.1427,1.1427,1.1423,1.14234,201.0
2026-07-06 01:59:00,1.14234,1.14245,1.14232,1.14236,123.0
2026-07-06 02:00:00,1.14236,1.14288,1.14236,1.14271,142.0
2026-07-06 02:01:00,1.1427,1.14282,1.14262,1.14268,100.0
2026-07-06 02:02:00,1.1427,1.1428,1.1427,1.1428,84.0
2026-07-06 02:03:00,1.1428,1.1428,1.14263,1.14272,85.0
2026-07-06 02:04:00,1.14271,1.14278,1.14267,1.14278,60.0
2026-07-06 02:05:00,1.14278,1.14282,1.14266,1.14267,142.0
2026-07-06 02:06:00,1.14266,1.1427,1.14244,1.14258,130.0
2026-07-06 02:07:00,1.1426,1.14272,1.14259,1.14271,79.0
2026-07-06 02:08:00,1.14272,1.14285,1.1427,1.14282,134.0
2026-07-06 02:09:00,1.14282,1.1429,1.1428,1.14282,85.0
2026-07-06 02:10:00,1.14284,1.14284,1.1427,1.14272,86.0
2026-07-06 02:11:00,1.1427,1.14276,1.14264,1.14276,74.0
2026-07-06 02:12:00,1.14276,1.14276,1.14254,1.14257,86.0
2026-07-06 02:13:00,1.14256,1.14261,1.14255,1.14255,36.0
2026-07-06 02:14:00,1.14253,1.14256,1.14249,1.14252,49.0
2026-07-06 02:15:00,1.14254,1.14254,1.14235,1.14236,86.0
2026-07-06 02:16:00,1.14235,1.1424,1.14232,1.14233,99.0
2026-07-06 02:17:00,1.14234,1.14252,1.14234,1.14245,108.0
2026-07-06 02:18:00,1.14246,1.14248,1.14233,1.14234,69.0
2026-07-06 02:19:00,1.14234,1.14235,1.14216,1.14226,150.0
2026-07-06 02:20:00,1.14224,1.14236,1.14218,1.14236,112.0
2026-07-06 02:21:00,1.14236,1.14251,1.14232,1.1425,139.0
2026-07-06 02:22:00,1.1425,1.14257,1.1425,1.1425,82.0
2026-07-06 02:23:00,1.1425,1.1425,1.14244,1.14244,60.0
2026-07-06 02:24:00,1.14244,1.14248,1.14242,1.14248,47.0
2026-07-06 02:25:00,1.14248,1.1425,1.14237,1.14242,85.0
2026-07-06 02:26:00,1.14241,1.14241,1.1423,1.1423,51.0
2026-07-06 02:27:00,1.14229,1.14234,1.14228,1.1423,55.0
2026-07-06 02:28:00,1.1423,1.1423,1.14216,1.14226,87.0
2026-07-06 02:29:00,1.14226,1.14241,1.14226,1.14241,29.0
2026-07-06 02:30:00,1.1424,1.1424,1.14231,1.14236,95.0
2026-07-06 02:31:00,1.14237,1.14244,1.14216,1.1422,121.0
2026-07-06 02:32:00,1.1422,1.14231,1.1422,1.14228,139.0
2026-07-06 02:33:00,1.1423,1.14245,1.14229,1.14245,61.0
2026-07-06 02:34:00,1.14244,1.14253,1.14237,1.14238,133.0
2026-07-06 02:35:00,1.14239,1.14243,1.14236,1.14236,47.0
2026-07-06 02:36:00,1.14236,1.14237,1.14198,1.14201,123.0
2026-07-06 02:37:00,1.142,1.14232,1.142,1.14232,119.0
2026-07-06 02:38:00,1.14232,1.1424,1.14232,1.14238,99.0
2026-07-06 02:39:00,1.14239,1.14244,1.14236,1.14237,73.0
2026-07-06 02:40:00,1.14234,1.14244,1.14233,1.14238,90.0
2026-07-06 02:41:00,1.14238,1.14248,1.14236,1.14238,153.0
2026-07-06 02:42:00,1.14236,1.14244,1.14233,1.14236,109.0
2026-07-06 02:43:00,1.14238,1.1424,1.14231,1.14231,65.0
2026-07-06 02:44:00,1.14231,1.14236,1.1423,1.14236,46.0
2026-07-06 02:45:00,1.14236,1.14253,1.14232,1.14251,95.0
2026-07-06 02:46:00,1.14252,1.14253,1.14241,1.14241,95.0
2026-07-06 02:47:00,1.14241,1.14243,1.14238,1.1424,83.0
2026-07-06 02:48:00,1.14238,1.1424,1.14232,1.14235,103.0
2026-07-06 02:49:00,1.14234,1.14242,1.1423,1.14232,72.0
2026-07-06 02:50:00,1.14231,1.14232,1.14227,1.14231,22.0
2026-07-06 02:51:00,1.14232,1.14232,1.14229,1.14232,42.0
2026-07-06 02:52:00,1.14232,1.14238,1.1423,1.1423,54.0
2026-07-06 02:53:00,1.1423,1.14232,1.14217,1.14217,71.0
2026-07-06 02:54:00,1.14216,1.14226,1.14216,1.14222,103.0
2026-07-06 02:55:00,1.14222,1.14227,1.14216,1.14216,79.0
2026-07-06 02:56:00,1.14216,1.14218,1.14211,1.14212,69.0
2026-07-06 02:57:00,1.14211,1.14211,1.14201,1.14204,100.0
2026-07-06 02:58:00,1.14204,1.14216,1.14204,1.1421,58.0
2026-07-06 02:59:00,1.14211,1.14238,1.1421,1.14231,135.0
2026-07-06 03:00:00,1.1423,1.14232,1.14178,1.14181,199.0
2026-07-06 03:01:00,1.1418,1.14187,1.14166,1.14186,181.0
2026-07-06 03:02:00,1.14186,1.14198,1.14182,1.14192,137.0
2026-07-06 03:03:00,1.14191,1.14197,1.14184,1.1419,142.0
2026-07-06 03:04:00,1.14192,1.1421,1.14192,1.14201,136.0
2026-07-06 03:05:00,1.14202,1.14202,1.1419,1.14197,104.0
2026-07-06 03:06:00,1.14196,1.14206,1.1419,1.142,112.0
2026-07-06 03:07:00,1.142,1.14201,1.14186,1.14193,119.0
2026-07-06 03:08:00,1.14192,1.14192,1.14185,1.14185,71.0
2026-07-06 03:09:00,1.14186,1.14191,1.14181,1.14186,114.0
2026-07-06 03:10:00,1.14185,1.14188,1.14176,1.14176,63.0
2026-07-06 03:11:00,1.14177,1.14202,1.14176,1.142,104.0
2026-07-06 03:12:00,1.142,1.14207,1.14198,1.14204,79.0
2026-07-06 03:13:00,1.14204,1.14223,1.14203,1.14221,124.0
2026-07-06 03:14:00,1.1422,1.14255,1.14218,1.14255,150.0
2026-07-06 03:15:00,1.14254,1.14267,1.14251,1.14262,152.0
2026-07-06 03:16:00,1.14262,1.14277,1.1426,1.14272,122.0
2026-07-06 03:17:00,1.1427,1.14276,1.14264,1.14266,104.0
2026-07-06 03:18:00,1.14266,1.14282,1.14266,1.14271,139.0
2026-07-06 03:19:00,1.14271,1.14278,1.14252,1.1426,210.0
2026-07-06 03:20:00,1.14261,1.14265,1.14246,1.14248,191.0
2026-07-06 03:21:00,1.14248,1.14252,1.14248,1.1425,108.0
2026-07-06 03:22:00,1.14251,1.14252,1.14234,1.14246,143.0
2026-07-06 03:23:00,1.14245,1.14256,1.14238,1.14248,127.0
2026-07-06 03:24:00,1.14248,1.14249,1.14234,1.14242,123.0
2026-07-06 03:25:00,1.14243,1.14244,1.14226,1.14226,163.0
2026-07-06 03:26:00,1.14226,1.1423,1.14206,1.1422,122.0
2026-07-06 03:27:00,1.1422,1.14238,1.14214,1.1423,168.0
2026-07-06 03:28:00,1.1423,1.14236,1.14222,1.14224,79.0
2026-07-06 03:29:00,1.14224,1.1423,1.14221,1.14226,73.0
2026-07-06 03:30:00,1.14226,1.14239,1.14221,1.14224,132.0
2026-07-06 03:31:00,1.14224,1.14238,1.14224,1.14238,98.0
2026-07-06 03:32:00,1.14237,1.14256,1.14236,1.14251,134.0
2026-07-06 03:33:00,1.14249,1.14249,1.14238,1.14239,93.0
2026-07-06 03:34:00,1.1424,1.14242,1.14226,1.14226,96.0
2026-07-06 03:35:00,1.14226,1.14236,1.14218,1.14222,109.0
2026-07-06 03:36:00,1.14221,1.14229,1.1422,1.14226,78.0
2026-07-06 03:37:00,1.14227,1.14244,1.14226,1.14244,96.0
2026-07-06 03:38:00,1.14244,1.14248,1.14228,1.14231,117.0
2026-07-06 03:39:00,1.14232,1.14252,1.14232,1.14251,67.0
2026-07-06 03:40:00,1.1425,1.14256,1.1425,1.14254,59.0
2026-07-06 03:41:00,1.14253,1.14258,1.14247,1.14254,162.0
2026-07-06 03:42:00,1.14254,1.14258,1.14246,1.1425,130.0
2026-07-06 03:43:00,1.1425,1.14258,1.14249,1.14256,182.0
2026-07-06 03:44:00,1.14257,1.14272,1.1425,1.14252,98.0
2026-07-06 03:45:00,1.14251,1.14262,1.1425,1.14262,56.0
2026-07-06 03:46:00,1.14262,1.14262,1.14252,1.14256,73.0
2026-07-06 03:47:00,1.14256,1.14263,1.1425,1.14251,88.0
2026-07-06 03:48:00,1.14252,1.14266,1.1425,1.14256,106.0
2026-07-06 03:49:00,1.14257,1.14266,1.14252,1.14255,128.0
2026-07-06 03:50:00,1.14254,1.1426,1.14232,1.14238,132.0
2026-07-06 03:51:00,1.14238,1.14242,1.14223,1.14236,88.0
2026-07-06 03:52:00,1.14237,1.14246,1.14237,1.14245,52.0
2026-07-06 03:53:00,1.14244,1.14251,1.1424,1.14241,59.0
2026-07-06 03:54:00,1.1424,1.14244,1.1424,1.14241,54.0
2026-07-06 03:55:00,1.14242,1.14257,1.14242,1.1425,102.0
2026-07-06 03:56:00,1.1425,1.14264,1.1425,1.14263,114.0
2026-07-06 03:57:00,1.14262,1.14276,1.14256,1.14263,148.0
2026-07-06 03:58:00,1.14262,1.14266,1.1426,1.14266,85.0
2026-07-06 03:59:00,1.14266,1.14268,1.1426,1.14266,117.0
2026-07-06 04:00:00,1.14266,1.14272,1.14254,1.1426,145.0
2026-07-06 04:01:00,1.1426,1.14262,1.14246,1.14246,101.0
2026-07-06 04:02:00,1.14246,1.14247,1.1423,1.14232,105.0
2026-07-06 04:03:00,1.14232,1.14235,1.14214,1.14234,129.0
2026-07-06 04:04:00,1.14236,1.1424,1.14232,1.14237,81.0
2026-07-06 04:05:00,1.14236,1.14243,1.14226,1.14238,114.0
2026-07-06 04:06:00,1.14238,1.1424,1.14228,1.14229,90.0
2026-07-06 04:07:00,1.14228,1.14238,1.14226,1.14229,91.0
2026-07-06 04:08:00,1.1423,1.14235,1.14226,1.1423,62.0
2026-07-06 04:09:00,1.14228,1.14228,1.14212,1.14212,98.0
2026-07-06 04:10:00,1.1421,1.14216,1.14186,1.14188,97.0
2026-07-06 04:11:00,1.14189,1.14192,1.14158,1.14166,189.0
2026-07-06 04:12:00,1.14166,1.14194,1.14166,1.14194,101.0
2026-07-06 04:13:00,1.14196,1.14204,1.14192,1.14197,135.0
2026-07-06 04:14:00,1.14196,1.14199,1.14191,1.14193,109.0
2026-07-06 04:15:00,1.14194,1.14205,1.14193,1.14202,96.0
2026-07-06 04:16:00,1.14205,1.14212,1.142,1.14202,87.0
2026-07-06 04:17:00,1.14202,1.14206,1.14188,1.14189,94.0
2026-07-06 04:18:00,1.1419,1.14194,1.1418,1.14182,98.0
2026-07-06 04:19:00,1.14182,1.14184,1.1417,1.14176,90.0
2026-07-06 04:20:00,1.14176,1.14188,1.14176,1.1418,69.0
2026-07-06 04:21:00,1.14182,1.14184,1.14172,1.1418,100.0
2026-07-06 04:22:00,1.1418,1.14197,1.14178,1.14192,132.0
2026-07-06 04:23:00,1.14192,1.14193,1.14186,1.14186,38.0
2026-07-06 04:24:00,1.14186,1.1419,1.14176,1.14176,99.0
2026-07-06 04:25:00,1.14175,1.14183,1.14174,1.1418,50.0
2026-07-06 04:26:00,1.14178,1.14188,1.14174,1.14185,97.0
2026-07-06 04:27:00,1.14186,1.14188,1.14173,1.14173,82.0
2026-07-06 04:28:00,1.14172,1.14176,1.14168,1.14175,46.0
2026-07-06 04:29:00,1.14176,1.14192,1.14176,1.1419,63.0
2026-07-06 04:30:00,1.14192,1.14208,1.14192,1.14208,68.0
2026-07-06 04:31:00,1.14207,1.14207,1.1419,1.14192,61.0
2026-07-06 04:32:00,1.14192,1.14204,1.14185,1.14186,118.0
2026-07-06 04:33:00,1.14186,1.14197,1.14186,1.14192,74.0
2026-07-06 04:34:00,1.14192,1.14192,1.14174,1.14182,64.0
2026-07-06 04:35:00,1.14183,1.14188,1.14182,1.14188,48.0
2026-07-06 04:36:00,1.14188,1.14194,1.14188,1.14192,33.0
2026-07-06 04:37:00,1.14193,1.14197,1.14187,1.14188,47.0
2026-07-06 04:38:00,1.14187,1.14189,1.1418,1.14182,36.0
2026-07-06 04:39:00,1.14184,1.14186,1.1418,1.14186,53.0
2026-07-06 04:40:00,1.14186,1.14197,1.14186,1.14192,77.0
2026-07-06 04:41:00,1.14192,1.14197,1.14192,1.14192,44.0
2026-07-06 04:42:00,1.1419,1.1419,1.1418,1.14185,58.0
2026-07-06 04:43:00,1.14186,1.14186,1.14162,1.14167,63.0
2026-07-06 04:44:00,1.14168,1.14172,1.14164,1.14166,62.0
2026-07-06 04:45:00,1.14166,1.14174,1.1416,1.1416,68.0
2026-07-06 04:46:00,1.1416,1.14167,1.14156,1.14167,57.0
2026-07-06 04:47:00,1.14168,1.14172,1.14158,1.14162,84.0
2026-07-06 04:48:00,1.14162,1.14168,1.14162,1.14165,54.0
2026-07-06 04:49:00,1.14166,1.14166,1.14154,1.14157,67.0
2026-07-06 04:50:00,1.14156,1.14158,1.14154,1.14158,64.0
2026-07-06 04:51:00,1.1416,1.14184,1.1416,1.14179,88.0
2026-07-06 04:52:00,1.14178,1.14194,1.14168,1.14188,75.0
2026-07-06 04:53:00,1.14188,1.14194,1.1417,1.14186,108.0
2026-07-06 04:54:00,1.14185,1.14186,1.14176,1.1418,54.0
2026-07-06 04:55:00,1.14179,1.14188,1.14176,1.14183,77.0
2026-07-06 04:56:00,1.14184,1.14188,1.14177,1.14182,81.0
2026-07-06 04:57:00,1.14184,1.14194,1.14184,1.14188,53.0
2026-07-06 04:58:00,1.14188,1.14202,1.14188,1.14201,39.0
2026-07-06 04:59:00,1.142,1.14208,1.14194,1.14206,53.0
2026-07-06 05:00:00,1.14206,1.14206,1.14188,1.14191,104.0
2026-07-06 05:01:00,1.14192,1.14198,1.14182,1.14189,101.0
2026-07-06 05:02:00,1.1419,1.14194,1.14184,1.14194,93.0
2026-07-06 05:03:00,1.14194,1.14212,1.14194,1.14211,131.0
2026-07-06 05:04:00,1.14212,1.14212,1.142,1.142,101.0
2026-07-06 05:05:00,1.142,1.1421,1.14198,1.14206,62.0
2026-07-06 05:06:00,1.14206,1.14206,1.14198,1.142,66.0
2026-07-06 05:07:00,1.142,1.14208,1.14199,1.14208,62.0
2026-07-06 05:08:00,1.14208,1.14214,1.14208,1.14208,51.0
2026-07-06 05:09:00,1.14208,1.14212,1.142,1.14204,48.0
2026-07-06 05:10:00,1.14203,1.14203,1.14185,1.14185,65.0
2026-07-06 05:11:00,1.14186,1.14193,1.14186,1.14186,71.0
2026-07-06 05:12:00,1.14185,1.14186,1.14177,1.14178,58.0
2026-07-06 05:13:00,1.14177,1.14198,1.14176,1.14193,126.0
2026-07-06 05:14:00,1.14194,1.14194,1.14187,1.14188,53.0
2026-07-06 05:15:00,1.14187,1.14189,1.14182,1.14182,72.0
2026-07-06 05:16:00,1.14183,1.14196,1.14178,1.14192,79.0
2026-07-06 05:17:00,1.14193,1.14193,1.14182,1.14182,50.0
2026-07-06 05:18:00,1.14183,1.1419,1.14183,1.14186,38.0
2026-07-06 05:19:00,1.14185,1.14185,1.14178,1.14178,54.0
2026-07-06 05:20:00,1.14178,1.14188,1.1417,1.14182,81.0
2026-07-06 05:21:00,1.14183,1.14192,1.14182,1.14189,47.0
2026-07-06 05:22:00,1.14188,1.14198,1.14188,1.14198,89.0
2026-07-06 05:23:00,1.14196,1.14198,1.14187,1.14197,55.0
2026-07-06 05:24:00,1.14196,1.14199,1.14194,1.14198,36.0
2026-07-06 05:25:00,1.14198,1.14198,1.14191,1.14192,62.0
2026-07-06 05:26:00,1.14192,1.14198,1.14185,1.14185,72.0
2026-07-06 05:27:00,1.14186,1.14186,1.14176,1.14176,74.0
2026-07-06 05:28:00,1.14176,1.14183,1.14173,1.14182,77.0
2026-07-06 05:29:00,1.14182,1.1419,1.14178,1.14182,98.0
2026-07-06 05:30:00,1.1418,1.14189,1.14179,1.14189,95.0
2026-07-06 05:31:00,1.14188,1.14194,1.14188,1.14192,80.0
2026-07-06 05:32:00,1.14192,1.14194,1.14186,1.14193,68.0
2026-07-06 05:33:00,1.14194,1.14194,1.14183,1.14191,60.0
2026-07-06 05:34:00,1.14192,1.14197,1.1419,1.14194,56.0
2026-07-06 05:35:00,1.14193,1.14198,1.14186,1.14198,56.0
2026-07-06 05:36:00,1.14201,1.14202,1.14192,1.14193,49.0
2026-07-06 05:37:00,1.14192,1.14194,1.14192,1.14192,34.0
2026-07-06 05:38:00,1.1419,1.14192,1.14182,1.14182,56.0
2026-07-06 05:39:00,1.14182,1.14188,1.14182,1.14185,51.0
2026-07-06 05:40:00,1.14186,1.14194,1.14185,1.14193,59.0
2026-07-06 05:41:00,1.14192,1.14193,1.14184,1.14184,23.0
2026-07-06 05:42:00,1.14184,1.14184,1.14177,1.14182,72.0
2026-07-06 05:43:00,1.14182,1.14184,1.14176,1.14184,29.0
2026-07-06 05:44:00,1.14183,1.14184,1.14174,1.14178,49.0
2026-07-06 05:45:00,1.14176,1.14176,1.14163,1.14168,74.0
2026-07-06 05:46:00,1.14168,1.1417,1.14162,1.14163,68.0
2026-07-06 05:47:00,1.14162,1.14163,1.14158,1.14162,80.0
2026-07-06 05:48:00,1.14162,1.14168,1.14156,1.14156,54.0
2026-07-06 05:49:00,1.14156,1.14158,1.14149,1.14154,55.0
2026-07-06 05:50:00,1.14154,1.14158,1.1415,1.14158,50.0
2026-07-06 05:51:00,1.14158,1.1416,1.14152,1.14152,43.0
2026-07-06 05:52:00,1.14152,1.14152,1.1413,1.1413,80.0
2026-07-06 05:53:00,1.14131,1.14131,1.14121,1.14126,84.0
2026-07-06 05:54:00,1.14128,1.14128,1.14111,1.14121,73.0
2026-07-06 05:55:00,1.14122,1.14132,1.1412,1.14126,101.0
2026-07-06 05:56:00,1.14128,1.14132,1.14126,1.14128,61.0
2026-07-06 05:57:00,1.14128,1.14132,1.14126,1.14127,50.0
2026-07-06 05:58:00,1.14126,1.1413,1.14126,1.14128,65.0
2026-07-06 05:59:00,1.14128,1.14133,1.14122,1.14132,64.0
2026-07-06 06:00:00,1.14132,1.14142,1.14128,1.14142,86.0
2026-07-06 06:01:00,1.14142,1.14146,1.14139,1.14144,89.0
2026-07-06 06:02:00,1.14145,1.14146,1.14112,1.14112,123.0
2026-07-06 06:03:00,1.14112,1.14122,1.14112,1.14117,67.0
2026-07-06 06:04:00,1.14118,1.14125,1.14115,1.14123,59.0
2026-07-06 06:05:00,1.14122,1.1413,1.14114,1.14114,70.0
2026-07-06 06:06:00,1.14112,1.14114,1.14102,1.14102,61.0
2026-07-06 06:07:00,1.14102,1.14122,1.14098,1.14118,117.0
2026-07-06 06:08:00,1.14118,1.14123,1.14117,1.14123,32.0
2026-07-06 06:09:00,1.14126,1.14126,1.14121,1.14123,55.0
2026-07-06 06:10:00,1.14122,1.14126,1.14122,1.14122,60.0
2026-07-06 06:11:00,1.14123,1.1413,1.1412,1.14126,57.0
2026-07-06 06:12:00,1.14128,1.14136,1.14127,1.14128,71.0
2026-07-06 06:13:00,1.14128,1.14132,1.14127,1.1413,49.0
2026-07-06 06:14:00,1.1413,1.1416,1.14129,1.14158,109.0
2026-07-06 06:15:00,1.14158,1.14158,1.14144,1.14156,92.0
2026-07-06 06:16:00,1.14156,1.14178,1.14156,1.14173,122.0
2026-07-06 06:17:00,1.14172,1.14184,1.14172,1.14179,85.0
2026-07-06 06:18:00,1.14178,1.14186,1.14166,1.1418,113.0
2026-07-06 06:19:00,1.14182,1.14188,1.14178,1.14178,97.0
2026-07-06 06:20:00,1.14178,1.14178,1.14166,1.1417,74.0
2026-07-06 06:21:00,1.1417,1.14173,1.14168,1.14172,29.0
2026-07-06 06:22:00,1.14173,1.14193,1.14172,1.1419,65.0
2026-07-06 06:23:00,1.1419,1.14194,1.14188,1.1419,36.0
2026-07-06 06:24:00,1.1419,1.14198,1.14184,1.14196,59.0
2026-07-06 06:25:00,1.14196,1.14198,1.14185,1.14186,39.0
2026-07-06 06:26:00,1.14186,1.14188,1.1418,1.14182,42.0
2026-07-06 06:27:00,1.14182,1.14183,1.14176,1.14176,55.0
2026-07-06 06:28:00,1.14174,1.14176,1.14166,1.14167,38.0
2026-07-06 06:29:00,1.14166,1.14168,1.14158,1.14158,57.0
2026-07-06 06:30:00,1.14158,1.14166,1.14155,1.14162,80.0
2026-07-06 06:31:00,1.14161,1.1418,1.14161,1.14179,38.0
2026-07-06 06:32:00,1.14178,1.14181,1.14175,1.14176,40.0
2026-07-06 06:33:00,1.14178,1.14188,1.14178,1.14188,34.0
2026-07-06 06:34:00,1.14188,1.14197,1.14187,1.14195,36.0
2026-07-06 06:35:00,1.14194,1.14196,1.14192,1.14192,35.0
2026-07-06 06:36:00,1.14193,1.14208,1.14192,1.14208,63.0
2026-07-06 06:37:00,1.14208,1.14208,1.14201,1.14202,30.0
2026-07-06 06:38:00,1.14203,1.14204,1.14196,1.14198,70.0
2026-07-06 06:39:00,1.14197,1.14202,1.14192,1.14198,50.0
2026-07-06 06:40:00,1.14198,1.142,1.14188,1.14188,63.0
2026-07-06 06:41:00,1.14188,1.14197,1.14188,1.14193,51.0
2026-07-06 06:42:00,1.14192,1.14194,1.14188,1.14188,71.0
2026-07-06 06:43:00,1.14188,1.14195,1.14188,1.14192,56.0
2026-07-06 06:44:00,1.14192,1.14194,1.14188,1.14192,46.0
2026-07-06 06:45:00,1.14192,1.14196,1.14185,1.14185,75.0
2026-07-06 06:46:00,1.14184,1.14192,1.14182,1.14192,46.0
2026-07-06 06:47:00,1.14191,1.14193,1.14188,1.1419,79.0
2026-07-06 06:48:00,1.14192,1.14196,1.14188,1.14188,72.0
2026-07-06 06:49:00,1.1419,1.14196,1.14186,1.14187,45.0
2026-07-06 06:50:00,1.14186,1.14186,1.1418,1.1418,45.0
2026-07-06 06:51:00,1.1418,1.14181,1.14172,1.14172,20.0
2026-07-06 06:52:00,1.14172,1.14204,1.14172,1.14203,163.0
2026-07-06 06:53:00,1.14202,1.14202,1.14185,1.14188,67.0
2026-07-06 06:54:00,1.14189,1.14208,1.14186,1.14208,116.0
2026-07-06 06:55:00,1.14207,1.14207,1.14198,1.14207,52.0
2026-07-06 06:56:00,1.14206,1.14213,1.14199,1.14202,94.0
2026-07-06 06:57:00,1.14203,1.14205,1.14192,1.14196,117.0
2026-07-06 06:58:00,1.14196,1.14205,1.14192,1.142,80.0
2026-07-06 06:59:00,1.142,1.142,1.14192,1.14196,53.0
2026-07-06 07:00:00,1.14196,1.14204,1.14192,1.14202,92.0
2026-07-06 07:01:00,1.14202,1.14202,1.14177,1.14177,75.0
2026-07-06 07:02:00,1.14176,1.14184,1.14176,1.14182,70.0
2026-07-06 07:03:00,1.14182,1.14187,1.1418,1.14183,70.0
2026-07-06 07:04:00,1.14182,1.14188,1.14178,1.14178,85.0
2026-07-06 07:05:00,1.14178,1.14178,1.14165,1.14166,76.0
2026-07-06 07:06:00,1.14168,1.14172,1.14158,1.14172,77.0
2026-07-06 07:07:00,1.14172,1.14186,1.14172,1.14178,107.0
2026-07-06 07:08:00,1.14176,1.14176,1.1417,1.1417,56.0
2026-07-06 07:09:00,1.1417,1.14178,1.1417,1.14176,49.0
2026-07-06 07:10:00,1.14176,1.14184,1.14172,1.14178,74.0
2026-07-06 07:11:00,1.14178,1.14182,1.14172,1.14175,101.0
2026-07-06 07:12:00,1.14176,1.14184,1.14174,1.14182,63.0
2026-07-06 07:13:00,1.14183,1.14186,1.14175,1.14176,79.0
2026-07-06 07:14:00,1.14176,1.14188,1.14176,1.14188,32.0
2026-07-06 07:15:00,1.14189,1.14194,1.1418,1.1418,62.0
2026-07-06 07:16:00,1.14179,1.1418,1.1416,1.14161,75.0
2026-07-06 07:17:00,1.1416,1.14172,1.1416,1.14171,82.0
2026-07-06 07:18:00,1.14172,1.14174,1.1417,1.14172,47.0
2026-07-06 07:19:00,1.14171,1.14172,1.14168,1.14171,65.0
2026-07-06 07:20:00,1.1417,1.14177,1.14168,1.14176,40.0
2026-07-06 07:21:00,1.14176,1.14176,1.14166,1.14172,44.0
2026-07-06 07:22:00,1.14172,1.14179,1.14168,1.1417,51.0
2026-07-06 07:23:00,1.14171,1.14182,1.14171,1.14181,39.0
2026-07-06 07:24:00,1.1418,1.1418,1.14168,1.1417,40.0
2026-07-06 07:25:00,1.14169,1.1418,1.14168,1.14179,49.0
2026-07-06 07:26:00,1.1418,1.1419,1.14177,1.14186,83.0
2026-07-06 07:27:00,1.14186,1.14187,1.14176,1.14176,89.0
2026-07-06 07:28:00,1.14178,1.14187,1.14178,1.1418,56.0
2026-07-06 07:29:00,1.14181,1.14186,1.14177,1.14182,54.0
2026-07-06 07:30:00,1.14182,1.14188,1.14176,1.14186,98.0
2026-07-06 07:31:00,1.14186,1.1419,1.14182,1.14184,77.0
2026-07-06 07:32:00,1.14183,1.14183,1.14175,1.14177,80.0
2026-07-06 07:33:00,1.14176,1.14192,1.14176,1.14189,46.0
2026-07-06 07:34:00,1.1419,1.14192,1.1419,1.14191,27.0
2026-07-06 07:35:00,1.14192,1.14192,1.14186,1.14186,60.0
2026-07-06 07:36:00,1.14184,1.14184,1.1416,1.14166,62.0
2026-07-06 07:37:00,1.14164,1.14168,1.1415,1.14152,67.0
2026-07-06 07:38:00,1.14153,1.14154,1.14146,1.14146,43.0
2026-07-06 07:39:00,1.14147,1.14148,1.1414,1.14144,42.0
2026-07-06 07:40:00,1.14144,1.14164,1.14144,1.1416,104.0
2026-07-06 07:41:00,1.1416,1.14168,1.14158,1.14162,52.0
2026-07-06 07:42:00,1.14161,1.14164,1.14156,1.14161,29.0
2026-07-06 07:43:00,1.14162,1.14163,1.14145,1.14145,54.0
2026-07-06 07:44:00,1.14144,1.14152,1.1414,1.14146,77.0
2026-07-06 07:45:00,1.14145,1.14151,1.14143,1.14143,57.0
2026-07-06 07:46:00,1.14143,1.14146,1.14138,1.14146,45.0
2026-07-06 07:47:00,1.14146,1.14152,1.14134,1.14138,104.0
2026-07-06 07:48:00,1.14134,1.14152,1.14134,1.1415,91.0
2026-07-06 07:49:00,1.1415,1.14153,1.14136,1.14137,55.0
2026-07-06 07:50:00,1.14136,1.14136,1.14124,1.14126,86.0
2026-07-06 07:51:00,1.14125,1.14132,1.1412,1.14132,87.0
2026-07-06 07:52:00,1.14132,1.14132,1.14122,1.14124,86.0
2026-07-06 07:53:00,1.14126,1.1413,1.14121,1.1413,64.0
2026-07-06 07:54:00,1.1413,1.14138,1.14128,1.14133,56.0
2026-07-06 07:55:00,1.14132,1.14142,1.14132,1.14138,64.0
2026-07-06 07:56:00,1.14138,1.14142,1.14128,1.14128,83.0
2026-07-06 07:57:00,1.1413,1.14168,1.1413,1.14159,127.0
2026-07-06 07:58:00,1.1416,1.14166,1.14151,1.14165,97.0
2026-07-06 07:59:00,1.14166,1.14168,1.14152,1.14152,80.0
2026-07-06 08:00:00,1.14154,1.14178,1.14154,1.14178,181.0
2026-07-06 08:01:00,1.1418,1.14183,1.14164,1.14168,116.0
2026-07-06 08:02:00,1.14169,1.14173,1.14162,1.1417,100.0
2026-07-06 08:03:00,1.1417,1.14182,1.1417,1.14181,101.0
2026-07-06 08:04:00,1.14179,1.14198,1.14177,1.14198,105.0
2026-07-06 08:05:00,1.14198,1.142,1.14182,1.14182,103.0
2026-07-06 08:06:00,1.14182,1.14184,1.14172,1.14178,67.0
2026-07-06 08:07:00,1.14179,1.1418,1.14168,1.14173,103.0
2026-07-06 08:08:00,1.14174,1.14177,1.14166,1.14167,42.0
2026-07-06 08:09:00,1.14168,1.14172,1.14147,1.14152,98.0
2026-07-06 08:10:00,1.14151,1.14152,1.14144,1.14145,58.0
2026-07-06 08:11:00,1.14144,1.14148,1.14143,1.14147,57.0
2026-07-06 08:12:00,1.14146,1.14158,1.14144,1.1415,71.0
2026-07-06 08:13:00,1.14152,1.14162,1.14152,1.14161,46.0
2026-07-06 08:14:00,1.1416,1.14182,1.1416,1.14174,77.0
2026-07-06 08:15:00,1.14174,1.14182,1.1417,1.14177,131.0
2026-07-06 08:16:00,1.14176,1.14177,1.14164,1.14176,70.0
2026-07-06 08:17:00,1.14176,1.14196,1.14176,1.14182,105.0
2026-07-06 08:18:00,1.14182,1.14188,1.14178,1.14183,98.0
2026-07-06 08:19:00,1.14182,1.14184,1.14171,1.14175,70.0
2026-07-06 08:20:00,1.14173,1.14173,1.14164,1.14166,78.0
2026-07-06 08:21:00,1.14167,1.14171,1.14164,1.14171,55.0
2026-07-06 08:22:00,1.14172,1.14176,1.14166,1.14166,56.0
2026-07-06 08:23:00,1.14168,1.14177,1.1416,1.14165,97.0
2026-07-06 08:24:00,1.14164,1.14168,1.14155,1.14156,81.0
2026-07-06 08:25:00,1.14156,1.1417,1.14156,1.14166,80.0
2026-07-06 08:26:00,1.14166,1.14182,1.14164,1.14178,79.0
2026-07-06 08:27:00,1.14178,1.14178,1.14162,1.14164,51.0
2026-07-06 08:28:00,1.14166,1.14173,1.14166,1.14171,64.0
2026-07-06 08:29:00,1.14172,1.14178,1.14168,1.14176,51.0
2026-07-06 08:30:00,1.14176,1.14176,1.14162,1.14162,52.0
2026-07-06 08:31:00,1.14162,1.14178,1.14162,1.14178,142.0
2026-07-06 08:32:00,1.14178,1.14182,1.14178,1.14179,53.0
2026-07-06 08:33:00,1.14178,1.14179,1.14165,1.14171,84.0
2026-07-06 08:34:00,1.14172,1.14176,1.14164,1.14164,42.0
2026-07-06 08:35:00,1.14164,1.14164,1.1416,1.14161,54.0
2026-07-06 08:36:00,1.14162,1.14163,1.14153,1.14153,49.0
2026-07-06 08:37:00,1.14152,1.14164,1.14146,1.14164,81.0
2026-07-06 08:38:00,1.14162,1.14168,1.14157,1.14165,59.0
2026-07-06 08:39:00,1.14164,1.14174,1.1416,1.14174,125.0
2026-07-06 08:40:00,1.14173,1.14174,1.14168,1.14174,72.0
2026-07-06 08:41:00,1.14173,1.14173,1.14156,1.14156,85.0
2026-07-06 08:42:00,1.14156,1.1416,1.14149,1.14152,100.0
2026-07-06 08:43:00,1.14152,1.1416,1.14143,1.14144,101.0
2026-07-06 08:44:00,1.14142,1.14142,1.14128,1.14136,109.0
2026-07-06 08:45:00,1.14138,1.14138,1.14125,1.14126,60.0
2026-07-06 08:46:00,1.14126,1.14136,1.14122,1.14136,71.0
2026-07-06 08:47:00,1.14136,1.14142,1.14123,1.14138,157.0
2026-07-06 08:48:00,1.14139,1.1415,1.14138,1.14144,70.0
2026-07-06 08:49:00,1.14143,1.14153,1.14139,1.14139,116.0
2026-07-06 08:50:00,1.1414,1.14154,1.14138,1.14154,53.0
2026-07-06 08:51:00,1.14154,1.14161,1.14154,1.14158,60.0
2026-07-06 08:52:00,1.1416,1.14164,1.14154,1.14162,38.0
2026-07-06 08:53:00,1.1416,1.14166,1.14152,1.14153,78.0
2026-07-06 08:54:00,1.14154,1.14156,1.14136,1.14152,107.0
2026-07-06 08:55:00,1.14152,1.14152,1.14146,1.14147,55.0
2026-07-06 08:56:00,1.14148,1.14154,1.1413,1.14132,164.0
2026-07-06 08:57:00,1.14133,1.14136,1.14113,1.14113,100.0
2026-07-06 08:58:00,1.14111,1.14138,1.14108,1.14138,139.0
2026-07-06 08:59:00,1.14138,1.14138,1.14125,1.14132,111.0
2026-07-06 09:00:00,1.14133,1.14133,1.14112,1.14128,157.0
2026-07-06 09:01:00,1.14128,1.14153,1.14128,1.14153,166.0
2026-07-06 09:02:00,1.14154,1.14155,1.14134,1.14134,185.0
2026-07-06 09:03:00,1.14134,1.14141,1.14132,1.14132,132.0
2026-07-06 09:04:00,1.14133,1.14138,1.14129,1.14138,95.0
2026-07-06 09:05:00,1.14138,1.14144,1.14138,1.14138,85.0
2026-07-06 09:06:00,1.14139,1.1415,1.14135,1.14138,91.0
2026-07-06 09:07:00,1.14139,1.1415,1.14138,1.14148,82.0
2026-07-06 09:08:00,1.14148,1.14156,1.14145,1.14154,58.0
2026-07-06 09:09:00,1.14156,1.14169,1.14153,1.14168,53.0
2026-07-06 09:10:00,1.14167,1.14174,1.14164,1.14174,86.0
2026-07-06 09:11:00,1.14173,1.14184,1.14172,1.14178,58.0
2026-07-06 09:12:00,1.14179,1.14194,1.14175,1.14193,100.0
2026-07-06 09:13:00,1.14194,1.14206,1.14178,1.14179,183.0
2026-07-06 09:14:00,1.14178,1.14186,1.14171,1.14182,131.0
2026-07-06 09:15:00,1.14182,1.14194,1.1418,1.14192,92.0
2026-07-06 09:16:00,1.14193,1.14196,1.14188,1.14195,72.0
2026-07-06 09:17:00,1.14198,1.14214,1.14198,1.14214,131.0
2026-07-06 09:18:00,1.14214,1.14214,1.14196,1.14199,72.0
2026-07-06 09:19:00,1.142,1.14208,1.14199,1.14208,83.0
2026-07-06 09:20:00,1.14208,1.14214,1.14199,1.14208,96.0
2026-07-06 09:21:00,1.14207,1.14209,1.14198,1.14204,68.0
2026-07-06 09:22:00,1.14206,1.14227,1.14206,1.14217,121.0
2026-07-06 09:23:00,1.14218,1.14222,1.14212,1.14216,74.0
2026-07-06 09:24:00,1.14214,1.14218,1.14212,1.14213,74.0
2026-07-06 09:25:00,1.14214,1.14222,1.14212,1.14216,62.0
2026-07-06 09:26:00,1.14216,1.14219,1.14213,1.14217,45.0
2026-07-06 09:27:00,1.14216,1.14217,1.142,1.14201,62.0
2026-07-06 09:28:00,1.142,1.14204,1.14188,1.14194,91.0
2026-07-06 09:29:00,1.14195,1.14212,1.14194,1.14204,167.0
2026-07-06 09:30:00,1.14204,1.14214,1.14196,1.14203,257.0
2026-07-06 09:31:00,1.14204,1.14214,1.14194,1.14214,172.0
2026-07-06 09:32:00,1.14214,1.14214,1.14198,1.142,116.0
2026-07-06 09:33:00,1.142,1.14203,1.1419,1.14202,109.0
2026-07-06 09:34:00,1.14202,1.14202,1.14194,1.14198,142.0
2026-07-06 09:35:00,1.14196,1.14198,1.14176,1.14178,141.0
2026-07-06 09:36:00,1.1418,1.14188,1.14177,1.14182,140.0
2026-07-06 09:37:00,1.14183,1.1419,1.14182,1.14188,136.0
2026-07-06 09:38:00,1.14189,1.14202,1.14186,1.14196,126.0
2026-07-06 09:39:00,1.14198,1.14198,1.14186,1.14188,106.0
2026-07-06 09:40:00,1.14188,1.14192,1.14175,1.14176,112.0
2026-07-06 09:41:00,1.14176,1.14181,1.14167,1.14171,90.0
2026-07-06 09:42:00,1.1417,1.14176,1.14166,1.14172,92.0
2026-07-06 09:43:00,1.14172,1.14177,1.14168,1.14175,80.0
2026-07-06 09:44:00,1.14174,1.14176,1.1417,1.14172,78.0
2026-07-06 09:45:00,1.14172,1.14172,1.14138,1.14142,115.0
2026-07-06 09:46:00,1.14142,1.1415,1.14121,1.14142,153.0
2026-07-06 09:47:00,1.14142,1.1415,1.14138,1.14142,111.0
2026-07-06 09:48:00,1.14141,1.14165,1.14136,1.14164,146.0
2026-07-06 09:49:00,1.14164,1.14168,1.14154,1.14158,84.0
2026-07-06 09:50:00,1.14158,1.14168,1.14146,1.14146,102.0
2026-07-06 09:51:00,1.14148,1.14164,1.14146,1.14163,95.0
2026-07-06 09:52:00,1.14162,1.14162,1.14128,1.14128,138.0
2026-07-06 09:53:00,1.14128,1.14133,1.14122,1.14126,126.0
2026-07-06 09:54:00,1.14126,1.14134,1.14118,1.14122,110.0
2026-07-06 09:55:00,1.14121,1.14124,1.14114,1.14118,89.0
2026-07-06 09:56:00,1.14119,1.14119,1.14101,1.14102,109.0
2026-07-06 09:57:00,1.14102,1.14103,1.14085,1.14092,75.0
2026-07-06 09:58:00,1.14092,1.14118,1.14092,1.14118,75.0
2026-07-06 09:59:00,1.14119,1.14136,1.14113,1.14128,145.0
2026-07-06 10:00:00,1.14128,1.14128,1.14108,1.14121,199.0
2026-07-06 10:01:00,1.14122,1.14128,1.14111,1.14124,109.0
2026-07-06 10:02:00,1.14122,1.14133,1.1412,1.14132,127.0
2026-07-06 10:03:00,1.14131,1.1417,1.1413,1.14154,192.0
2026-07-06 10:04:00,1.14156,1.1416,1.14144,1.14145,179.0
2026-07-06 10:05:00,1.14146,1.14168,1.14145,1.14163,139.0
2026-07-06 10:06:00,1.14164,1.14172,1.14158,1.14162,104.0
2026-07-06 10:07:00,1.14162,1.14187,1.14162,1.14172,126.0
2026-07-06 10:08:00,1.14172,1.14183,1.14165,1.14179,195.0
2026-07-06 10:09:00,1.14178,1.1418,1.14172,1.14178,120.0
2026-07-06 10:10:00,1.14179,1.14196,1.14177,1.14186,202.0
2026-07-06 10:11:00,1.14186,1.14188,1.14172,1.14174,79.0
2026-07-06 10:12:00,1.14173,1.14174,1.1416,1.14168,117.0
2026-07-06 10:13:00,1.14168,1.14179,1.14162,1.14178,94.0
2026-07-06 10:14:00,1.14178,1.14202,1.14178,1.14192,119.0
2026-07-06 10:15:00,1.14194,1.14198,1.14172,1.14174,125.0
2026-07-06 10:16:00,1.14174,1.14178,1.14168,1.14172,59.0
2026-07-06 10:17:00,1.14172,1.14187,1.14172,1.14176,153.0
2026-07-06 10:18:00,1.14174,1.14174,1.14168,1.14172,104.0
2026-07-06 10:19:00,1.14169,1.1418,1.14162,1.14178,88.0
2026-07-06 10:20:00,1.14179,1.14184,1.14174,1.14174,85.0
2026-07-06 10:21:00,1.14174,1.14176,1.14164,1.14174,110.0
2026-07-06 10:22:00,1.14174,1.14178,1.1417,1.14174,131.0
2026-07-06 10:23:00,1.14174,1.14178,1.1417,1.14176,97.0
2026-07-06 10:24:00,1.14176,1.14178,1.14162,1.14163,78.0
2026-07-06 10:25:00,1.14164,1.14164,1.14158,1.14163,92.0
2026-07-06 10:26:00,1.14162,1.14164,1.14152,1.14164,102.0
2026-07-06 10:27:00,1.14165,1.1417,1.14158,1.14158,94.0
2026-07-06 10:28:00,1.14158,1.1416,1.14153,1.14154,67.0
2026-07-06 10:29:00,1.14154,1.14154,1.14144,1.14151,103.0
2026-07-06 10:30:00,1.14152,1.14158,1.1415,1.14152,119.0
2026-07-06 10:31:00,1.1415,1.14154,1.14138,1.14149,118.0
2026-07-06 10:32:00,1.14147,1.14156,1.14147,1.14154,82.0
2026-07-06 10:33:00,1.14155,1.14174,1.14152,1.14168,146.0
2026-07-06 10:34:00,1.1417,1.14181,1.14168,1.1418,70.0
2026-07-06 10:35:00,1.1418,1.14184,1.14174,1.14174,115.0
2026-07-06 10:36:00,1.14174,1.14178,1.14169,1.14174,75.0
2026-07-06 10:37:00,1.14173,1.14174,1.14168,1.14174,65.0
2026-07-06 10:38:00,1.14174,1.14177,1.14158,1.14158,122.0
2026-07-06 10:39:00,1.14158,1.14159,1.14144,1.14144,108.0
2026-07-06 10:40:00,1.14143,1.1415,1.14136,1.14138,127.0
2026-07-06 10:41:00,1.14138,1.14152,1.14138,1.14141,98.0
2026-07-06 10:42:00,1.14142,1.14144,1.14133,1.14138,77.0
2026-07-06 10:43:00,1.14137,1.14139,1.14125,1.14125,104.0
2026-07-06 10:44:00,1.14126,1.14129,1.1412,1.14121,131.0
2026-07-06 10:45:00,1.14121,1.14144,1.14116,1.1414,148.0
2026-07-06 10:46:00,1.14142,1.14142,1.1413,1.14133,80.0
2026-07-06 10:47:00,1.14132,1.14132,1.14118,1.14122,67.0
2026-07-06 10:48:00,1.14122,1.14123,1.14118,1.14121,77.0
2026-07-06 10:49:00,1.1412,1.14121,1.14114,1.14114,47.0
2026-07-06 10:50:00,1.14114,1.14133,1.14112,1.14123,132.0
2026-07-06 10:51:00,1.14122,1.1413,1.14118,1.14119,111.0
2026-07-06 10:52:00,1.1412,1.14134,1.14117,1.14132,116.0
2026-07-06 10:53:00,1.14133,1.14143,1.14127,1.1414,136.0
2026-07-06 10:54:00,1.1414,1.14146,1.14139,1.14143,75.0
2026-07-06 10:55:00,1.14142,1.14159,1.14141,1.14159,120.0
2026-07-06 10:56:00,1.14158,1.14163,1.14157,1.1416,62.0
2026-07-06 10:57:00,1.1416,1.14186,1.14148,1.14176,163.0
2026-07-06 10:58:00,1.14175,1.14178,1.14159,1.14159,130.0
2026-07-06 10:59:00,1.1416,1.14173,1.14156,1.14171,138.0
2026-07-06 11:00:00,1.14172,1.14189,1.14168,1.14185,163.0
2026-07-06 11:01:00,1.14186,1.14186,1.14176,1.14179,98.0
2026-07-06 11:02:00,1.1418,1.1419,1.14175,1.14178,146.0
2026-07-06 11:03:00,1.1418,1.14192,1.1418,1.14182,89.0
2026-07-06 11:04:00,1.14182,1.14192,1.1418,1.14188,80.0
2026-07-06 11:05:00,1.14188,1.14196,1.14184,1.14192,72.0
2026-07-06 11:06:00,1.14192,1.14192,1.14181,1.14188,61.0
2026-07-06 11:07:00,1.14188,1.14188,1.14174,1.14174,94.0
2026-07-06 11:08:00,1.14174,1.14194,1.14174,1.14182,88.0
2026-07-06 11:09:00,1.14184,1.14184,1.14175,1.14178,75.0
2026-07-06 11:10:00,1.14178,1.14179,1.14169,1.14174,58.0
2026-07-06 11:11:00,1.14174,1.14174,1.14165,1.14167,103.0
2026-07-06 11:12:00,1.14166,1.14168,1.14159,1.14159,75.0
2026-07-06 11:13:00,1.14158,1.14163,1.14157,1.14158,81.0
2026-07-06 11:14:00,1.14158,1.14169,1.14155,1.14169,75.0
2026-07-06 11:15:00,1.1417,1.14178,1.14169,1.14178,70.0
2026-07-06 11:16:00,1.14176,1.14178,1.14162,1.14162,84.0
2026-07-06 11:17:00,1.14162,1.14176,1.14162,1.14174,74.0
2026-07-06 11:18:00,1.14174,1.14174,1.14163,1.14168,55.0
2026-07-06 11:19:00,1.14169,1.14174,1.14158,1.14159,86.0
2026-07-06 11:20:00,1.14158,1.14168,1.14158,1.14159,83.0
2026-07-06 11:21:00,1.1416,1.1417,1.1416,1.14168,64.0
2026-07-06 11:22:00,1.14168,1.1418,1.14166,1.14176,52.0
2026-07-06 11:23:00,1.14177,1.14184,1.14177,1.14183,47.0
2026-07-06 11:24:00,1.14184,1.14188,1.14179,1.14179,60.0
2026-07-06 11:25:00,1.1418,1.14184,1.14179,1.1418,32.0
2026-07-06 11:26:00,1.14181,1.14184,1.14172,1.14178,66.0
2026-07-06 11:27:00,1.14178,1.14178,1.14168,1.14174,63.0
2026-07-06 11:28:00,1.14176,1.14178,1.14174,1.14174,35.0
2026-07-06 11:29:00,1.14174,1.1418,1.14168,1.1418,37.0
2026-07-06 11:30:00,1.14178,1.14192,1.14176,1.14182,107.0
2026-07-06 11:31:00,1.14182,1.14188,1.14182,1.14188,39.0
2026-07-06 11:32:00,1.14188,1.1419,1.14176,1.14177,82.0
2026-07-06 11:33:00,1.14178,1.14188,1.14178,1.14186,83.0
2026-07-06 11:34:00,1.14186,1.1419,1.14177,1.14182,119.0
2026-07-06 11:35:00,1.14183,1.14184,1.14166,1.14166,82.0
2026-07-06 11:36:00,1.14166,1.14178,1.14166,1.14172,88.0
2026-07-06 11:37:00,1.14172,1.14188,1.14172,1.14182,69.0
2026-07-06 11:38:00,1.14182,1.14196,1.14182,1.14194,85.0
2026-07-06 11:39:00,1.14194,1.14194,1.14186,1.1419,114.0
2026-07-06 11:40:00,1.1419,1.14208,1.14188,1.14208,90.0
2026-07-06 11:41:00,1.14207,1.14215,1.14205,1.14212,54.0
2026-07-06 11:42:00,1.14213,1.14214,1.14207,1.14213,46.0
2026-07-06 11:43:00,1.14212,1.1423,1.14212,1.14227,74.0
2026-07-06 11:44:00,1.14228,1.14238,1.14224,1.14233,88.0
2026-07-06 11:45:00,1.14234,1.14238,1.14232,1.14236,84.0
2026-07-06 11:46:00,1.14236,1.14244,1.14232,1.14234,80.0
2026-07-06 11:47:00,1.14234,1.14242,1.14232,1.14239,55.0
2026-07-06 11:48:00,1.14238,1.1424,1.14234,1.14239,79.0
2026-07-06 11:49:00,1.1424,1.14249,1.1424,1.14247,72.0
2026-07-06 11:50:00,1.14248,1.14256,1.14244,1.14248,106.0
2026-07-06 11:51:00,1.14248,1.14258,1.14246,1.14258,81.0
2026-07-06 11:52:00,1.14258,1.14262,1.14243,1.14244,107.0
2026-07-06 11:53:00,1.14244,1.14252,1.14234,1.14237,73.0
2026-07-06 11:54:00,1.14238,1.14246,1.14237,1.14246,46.0
2026-07-06 11:55:00,1.14246,1.14246,1.14234,1.14238,86.0
2026-07-06 11:56:00,1.14237,1.14246,1.14237,1.14238,80.0
2026-07-06 11:57:00,1.14238,1.14238,1.14227,1.14232,91.0
2026-07-06 11:58:00,1.14232,1.14247,1.14232,1.14246,65.0
2026-07-06 11:59:00,1.14246,1.1426,1.14246,1.14253,52.0
2026-07-06 12:00:00,1.14254,1.14267,1.1425,1.14267,78.0
2026-07-06 12:01:00,1.14268,1.14274,1.14266,1.14268,70.0
2026-07-06 12:02:00,1.1427,1.14272,1.14258,1.14265,113.0
2026-07-06 12:03:00,1.14263,1.14266,1.14259,1.14263,68.0
2026-07-06 12:04:00,1.14264,1.14271,1.14264,1.14265,29.0
2026-07-06 12:05:00,1.14266,1.14278,1.14263,1.14272,83.0
2026-07-06 12:06:00,1.14272,1.14275,1.1426,1.14263,78.0
2026-07-06 12:07:00,1.14263,1.14263,1.14252,1.1426,59.0
2026-07-06 12:08:00,1.1426,1.14276,1.14258,1.14274,50.0
2026-07-06 12:09:00,1.14274,1.14276,1.14271,1.14276,57.0
2026-07-06 12:10:00,1.14276,1.14286,1.14276,1.14282,27.0
2026-07-06 12:11:00,1.14282,1.14286,1.14282,1.14286,44.0
2026-07-06 12:12:00,1.14285,1.14285,1.14272,1.14273,44.0
2026-07-06 12:13:00,1.14272,1.14274,1.14263,1.14266,51.0
2026-07-06 12:14:00,1.14264,1.14265,1.14262,1.14264,26.0
2026-07-06 12:15:00,1.14264,1.14274,1.14264,1.14272,71.0
2026-07-06 12:16:00,1.14273,1.14274,1.14266,1.14268,57.0
2026-07-06 12:17:00,1.14269,1.14278,1.14268,1.14278,42.0
2026-07-06 12:18:00,1.14279,1.14293,1.14278,1.14292,49.0
2026-07-06 12:19:00,1.14292,1.14296,1.1429,1.14295,89.0
2026-07-06 12:20:00,1.14294,1.14298,1.14292,1.14297,56.0
2026-07-06 12:21:00,1.14296,1.14308,1.14296,1.14306,60.0
2026-07-06 12:22:00,1.14304,1.1431,1.143,1.14304,65.0
2026-07-06 12:23:00,1.14303,1.14303,1.14297,1.14302,28.0
2026-07-06 12:24:00,1.14304,1.14305,1.1429,1.14292,54.0
2026-07-06 12:25:00,1.14292,1.14294,1.1429,1.1429,48.0
2026-07-06 12:26:00,1.1429,1.14298,1.14285,1.14296,58.0
2026-07-06 12:27:00,1.14297,1.14297,1.14291,1.14296,47.0
2026-07-06 12:28:00,1.14296,1.14299,1.14295,1.14297,45.0
2026-07-06 12:29:00,1.14298,1.14302,1.14297,1.14302,69.0
2026-07-06 12:30:00,1.14302,1.14302,1.1429,1.14296,92.0
2026-07-06 12:31:00,1.14296,1.14304,1.14296,1.14297,81.0
2026-07-06 12:32:00,1.14298,1.14298,1.1428,1.14281,76.0
2026-07-06 12:33:00,1.1428,1.14292,1.1428,1.14288,57.0
2026-07-06 12:34:00,1.14287,1.14291,1.14285,1.14286,67.0
2026-07-06 12:35:00,1.14287,1.14288,1.14284,1.14285,57.0
2026-07-06 12:36:00,1.14284,1.14284,1.1428,1.14281,55.0
2026-07-06 12:37:00,1.1428,1.14285,1.14276,1.14276,48.0
2026-07-06 12:38:00,1.14275,1.14282,1.14274,1.14276,59.0
2026-07-06 12:39:00,1.14276,1.14282,1.14274,1.14281,53.0
2026-07-06 12:40:00,1.1428,1.1428,1.1426,1.14266,74.0
2026-07-06 12:41:00,1.14268,1.14272,1.14266,1.14272,49.0
2026-07-06 12:42:00,1.14272,1.14278,1.14272,1.14278,21.0
2026-07-06 12:43:00,1.14277,1.14278,1.14268,1.1427,42.0
2026-07-06 12:44:00,1.1427,1.14284,1.14268,1.14282,33.0
2026-07-06 12:45:00,1.14283,1.14283,1.14274,1.1428,53.0
2026-07-06 12:46:00,1.14282,1.1429,1.14282,1.14287,46.0
2026-07-06 12:47:00,1.14286,1.14288,1.1428,1.14286,57.0
2026-07-06 12:48:00,1.14286,1.14286,1.14282,1.14282,28.0
2026-07-06 12:49:00,1.14282,1.14288,1.14278,1.14288,43.0
2026-07-06 12:50:00,1.14288,1.14306,1.14288,1.14304,59.0
2026-07-06 12:51:00,1.14305,1.1431,1.14301,1.14303,69.0
2026-07-06 12:52:00,1.14302,1.14309,1.14302,1.14308,60.0
2026-07-06 12:53:00,1.14308,1.1431,1.14306,1.14308,40.0
2026-07-06 12:54:00,1.14308,1.1432,1.14306,1.14314,107.0
2026-07-06 12:55:00,1.14316,1.14317,1.14308,1.14308,37.0
2026-07-06 12:56:00,1.1431,1.14313,1.14307,1.14308,52.0
2026-07-06 12:57:00,1.14306,1.14309,1.14298,1.143,55.0
2026-07-06 12:58:00,1.14298,1.14305,1.14298,1.14304,32.0
2026-07-06 12:59:00,1.14305,1.1431,1.14305,1.14306,38.0
2026-07-06 13:00:00,1.14306,1.14312,1.14306,1.14309,71.0
2026-07-06 13:01:00,1.14308,1.14309,1.14301,1.14306,63.0
2026-07-06 13:02:00,1.14305,1.14322,1.14305,1.14322,83.0
2026-07-06 13:03:00,1.14322,1.14327,1.14318,1.14324,68.0
2026-07-06 13:04:00,1.14325,1.14325,1.14319,1.1432,112.0
2026-07-06 13:05:00,1.14319,1.14321,1.14315,1.14317,40.0
2026-07-06 13:06:00,1.14316,1.14317,1.14314,1.14314,30.0
2026-07-06 13:07:00,1.14315,1.14319,1.14312,1.14318,64.0
2026-07-06 13:08:00,1.14319,1.1432,1.14316,1.14316,23.0
2026-07-06 13:09:00,1.14318,1.14324,1.14316,1.14324,36.0
2026-07-06 13:10:00,1.14324,1.14326,1.14322,1.14325,52.0
2026-07-06 13:11:00,1.14328,1.14332,1.14325,1.1433,46.0
2026-07-06 13:12:00,1.14331,1.14331,1.14324,1.14327,52.0
2026-07-06 13:13:00,1.14326,1.14339,1.14326,1.14338,66.0
2026-07-06 13:14:00,1.14337,1.14342,1.14336,1.14342,46.0
2026-07-06 13:15:00,1.14342,1.14342,1.14336,1.14341,34.0
2026-07-06 13:16:00,1.14342,1.14342,1.14336,1.14336,19.0
2026-07-06 13:17:00,1.14336,1.14341,1.14335,1.1434,23.0
2026-07-06 13:18:00,1.14341,1.14342,1.14338,1.14341,45.0
2026-07-06 13:19:00,1.14342,1.14346,1.1434,1.14345,42.0
2026-07-06 13:20:00,1.14346,1.1435,1.14342,1.14345,69.0
2026-07-06 13:21:00,1.14344,1.14346,1.14344,1.14346,19.0
2026-07-06 13:22:00,1.14346,1.14358,1.14346,1.14358,27.0
2026-07-06 13:23:00,1.14358,1.14367,1.14358,1.1436,47.0
2026-07-06 13:24:00,1.14359,1.14364,1.14358,1.1436,31.0
2026-07-06 13:25:00,1.1436,1.14366,1.14356,1.14366,56.0
2026-07-06 13:26:00,1.14365,1.1437,1.14364,1.14367,49.0
2026-07-06 13:27:00,1.14366,1.1437,1.14365,1.14368,47.0
2026-07-06 13:28:00,1.14368,1.1437,1.14364,1.1437,54.0
2026-07-06 13:29:00,1.1437,1.1437,1.14362,1.14362,40.0
2026-07-06 13:30:00,1.1436,1.14362,1.14358,1.14362,31.0
2026-07-06 13:31:00,1.14362,1.14374,1.14362,1.14372,80.0
2026-07-06 13:32:00,1.14372,1.14376,1.14368,1.14374,30.0
2026-07-06 13:33:00,1.14375,1.14375,1.14366,1.14366,63.0
2026-07-06 13:34:00,1.14366,1.14372,1.14366,1.14372,32.0
2026-07-06 13:35:00,1.14372,1.14375,1.14359,1.1436,46.0
2026-07-06 13:36:00,1.1436,1.14363,1.14356,1.14362,51.0
2026-07-06 13:37:00,1.14362,1.1437,1.14362,1.1437,23.0
2026-07-06 13:38:00,1.1437,1.1438,1.1437,1.1438,64.0
2026-07-06 13:39:00,1.1438,1.1438,1.14379,1.1438,7.0
2026-07-06 13:40:00,1.14382,1.14385,1.1438,1.1438,24.0
2026-07-06 13:41:00,1.14382,1.14384,1.14376,1.14382,64.0
2026-07-06 13:42:00,1.14382,1.14382,1.14375,1.14381,61.0
2026-07-06 13:43:00,1.14382,1.14394,1.14381,1.1439,98.0
2026-07-06 13:44:00,1.1439,1.14391,1.14386,1.14386,39.0
2026-07-06 13:45:00,1.14386,1.1439,1.14379,1.14388,62.0
2026-07-06 13:46:00,1.14388,1.14391,1.14382,1.14385,51.0
2026-07-06 13:47:00,1.14386,1.14386,1.14379,1.1438,40.0
2026-07-06 13:48:00,1.1438,1.14385,1.14379,1.1438,34.0
2026-07-06 13:49:00,1.1438,1.14384,1.1438,1.14382,26.0
2026-07-06 13:50:00,1.14378,1.1438,1.14376,1.1438,49.0
2026-07-06 13:51:00,1.1438,1.14384,1.14379,1.14384,26.0
2026-07-06 13:52:00,1.14384,1.14389,1.1438,1.1438,51.0
2026-07-06 13:53:00,1.14378,1.1438,1.14372,1.14372,38.0
2026-07-06 13:54:00,1.1437,1.14372,1.1437,1.14371,5.0
2026-07-06 13:55:00,1.1437,1.1437,1.14361,1.14362,39.0
2026-07-06 13:56:00,1.14364,1.14367,1.14362,1.14362,42.0
2026-07-06 13:57:00,1.14363,1.1437,1.1436,1.1437,44.0
2026-07-06 13:58:00,1.1437,1.1437,1.1436,1.14362,75.0
2026-07-06 13:59:00,1.14362,1.14366,1.14362,1.14362,46.0
2026-07-06 14:00:00,1.14364,1.1437,1.14364,1.1437,58.0
2026-07-06 14:01:00,1.14369,1.14382,1.14369,1.14381,77.0
2026-07-06 14:02:00,1.1438,1.14382,1.14371,1.14371,38.0
2026-07-06 14:03:00,1.14372,1.14372,1.14368,1.1437,29.0
2026-07-06 14:04:00,1.1437,1.14372,1.14368,1.1437,51.0
2026-07-06 14:05:00,1.1437,1.1437,1.14364,1.14368,32.0
2026-07-06 14:06:00,1.14368,1.1437,1.14368,1.1437,21.0
2026-07-06 14:07:00,1.1437,1.14373,1.14368,1.14372,31.0
2026-07-06 14:08:00,1.14372,1.14372,1.1436,1.1436,43.0
2026-07-06 14:09:00,1.14359,1.14362,1.14351,1.14362,66.0
2026-07-06 14:10:00,1.14362,1.14362,1.14358,1.14362,45.0
2026-07-06 14:11:00,1.14362,1.14364,1.14359,1.14364,57.0
2026-07-06 14:12:00,1.14364,1.14366,1.14362,1.14366,44.0
2026-07-06 14:13:00,1.14366,1.14368,1.14365,1.14366,54.0
2026-07-06 14:14:00,1.14367,1.14367,1.14364,1.14364,42.0
2026-07-06 14:15:00,1.14365,1.14372,1.14365,1.14371,21.0
2026-07-06 14:16:00,1.14372,1.14376,1.14372,1.14376,33.0
2026-07-06 14:17:00,1.14377,1.14377,1.1437,1.14372,30.0
2026-07-06 14:18:00,1.14371,1.14371,1.14366,1.1437,29.0
2026-07-06 14:19:00,1.14371,1.14372,1.14371,1.14371,7.0
2026-07-06 14:20:00,1.14372,1.14374,1.14371,1.14371,13.0
2026-07-06 14:21:00,1.1437,1.14371,1.14365,1.14366,25.0
2026-07-06 14:22:00,1.14365,1.14366,1.14361,1.14366,28.0
2026-07-06 14:23:00,1.14366,1.14366,1.14366,1.14366,28.0
2026-07-06 14:24:00,1.14366,1.14366,1.14361,1.14366,24.0
2026-07-06 14:25:00,1.14367,1.14372,1.14366,1.14372,18.0
2026-07-06 14:26:00,1.14372,1.14377,1.14371,1.14376,78.0
2026-07-06 14:27:00,1.14375,1.14382,1.14375,1.1438,44.0
2026-07-06 14:28:00,1.1438,1.14386,1.14378,1.14385,15.0
2026-07-06 14:29:00,1.14386,1.1439,1.14386,1.1439,24.0
2026-07-06 14:30:00,1.14392,1.14392,1.14378,1.1438,42.0
2026-07-06 14:31:00,1.14382,1.14386,1.14381,1.14386,24.0
2026-07-06 14:32:00,1.14386,1.14396,1.14386,1.14396,52.0
2026-07-06 14:33:00,1.14396,1.14417,1.14396,1.14407,84.0
2026-07-06 14:34:00,1.14406,1.14414,1.14406,1.14412,71.0
2026-07-06 14:35:00,1.14413,1.1442,1.14412,1.14418,27.0
2026-07-06 14:36:00,1.14418,1.14422,1.14412,1.14418,58.0
2026-07-06 14:37:00,1.14418,1.14424,1.14418,1.14422,68.0
2026-07-06 14:38:00,1.14422,1.14428,1.14418,1.1442,52.0
2026-07-06 14:39:00,1.1442,1.14426,1.14416,1.14422,56.0
2026-07-06 14:40:00,1.14421,1.14427,1.14421,1.14427,26.0
2026-07-06 14:41:00,1.14426,1.14427,1.1442,1.14421,19.0
2026-07-06 14:42:00,1.14422,1.14422,1.14414,1.14415,39.0
2026-07-06 14:43:00,1.14416,1.14421,1.14416,1.14421,13.0
2026-07-06 14:44:00,1.14456,1.14456,1.14456,1.14456,0.0
2026-07-06 14:45:00,1.1442,1.14422,1.1442,1.14422,11.0
2026-07-06 14:46:00,1.14422,1.14432,1.14422,1.14432,38.0
2026-07-06 14:47:00,1.14434,1.14436,1.14432,1.14432,9.0
2026-07-06 14:48:00,1.14432,1.14437,1.1443,1.14437,28.0
2026-07-06 14:49:00,1.14436,1.14448,1.14436,1.14446,38.0
2026-07-06 14:50:00,1.14446,1.1445,1.14446,1.1445,22.0
2026-07-06 14:51:00,1.14448,1.14448,1.14444,1.14445,27.0
2026-07-06 14:52:00,1.14446,1.14448,1.14443,1.14444,31.0
2026-07-06 14:53:00,1.14443,1.14443,1.14442,1.14442,6.0
2026-07-06 14:54:00,1.14441,1.14442,1.14436,1.14436,38.0
2026-07-06 14:55:00,1.14436,1.14442,1.14436,1.14442,19.0
2026-07-06 14:56:00,1.14444,1.14447,1.14442,1.14442,37.0
2026-07-06 14:57:00,1.14442,1.1445,1.14442,1.14449,52.0
2026-07-06 14:58:00,1.14448,1.14448,1.1444,1.14441,37.0
2026-07-06 14:59:00,1.1444,1.1444,1.1443,1.1443,47.0
2026-07-06 15:00:00,1.14428,1.1443,1.14416,1.14418,121.0
2026-07-06 15:01:00,1.1442,1.1442,1.14414,1.14415,61.0
2026-07-06 15:02:00,1.14414,1.14416,1.14411,1.14414,30.0
2026-07-06 15:03:00,1.14413,1.14425,1.14411,1.14422,60.0
2026-07-06 15:04:00,1.14422,1.14427,1.14422,1.14426,48.0
2026-07-06 15:05:00,1.14426,1.14429,1.14425,1.14426,41.0
2026-07-06 15:06:00,1.14427,1.14427,1.14418,1.14418,46.0
2026-07-06 15:07:00,1.14418,1.14421,1.14416,1.14416,28.0
2026-07-06 15:08:00,1.14417,1.14423,1.14417,1.14421,40.0
2026-07-06 15:09:00,1.1442,1.14422,1.14417,1.14417,77.0
2026-07-06 15:10:00,1.14414,1.14418,1.14412,1.14418,22.0
2026-07-06 15:11:00,1.14419,1.14422,1.14418,1.14422,62.0
2026-07-06 15:12:00,1.14421,1.14421,1.14412,1.14412,50.0
2026-07-06 15:13:00,1.14412,1.14413,1.14412,1.14412,12.0
2026-07-06 15:14:00,1.14412,1.14414,1.14412,1.14413,25.0
2026-07-06 15:15:00,1.14412,1.14414,1.14408,1.14413,54.0
2026-07-06 15:16:00,1.14412,1.14412,1.14409,1.14411,16.0
2026-07-06 15:17:00,1.14412,1.14416,1.14407,1.14408,25.0
2026-07-06 15:18:00,1.14407,1.14412,1.14407,1.14411,35.0
2026-07-06 15:19:00,1.1441,1.1441,1.14409,1.1441,32.0
2026-07-06 15:20:00,1.1441,1.1441,1.14395,1.14396,45.0
2026-07-06 15:21:00,1.14398,1.14402,1.1439,1.14392,57.0
2026-07-06 15:22:00,1.14394,1.14394,1.14386,1.14386,64.0
2026-07-06 15:23:00,1.14386,1.14388,1.14382,1.14386,72.0
2026-07-06 15:24:00,1.14386,1.14386,1.14379,1.14386,53.0
2026-07-06 15:25:00,1.14388,1.14393,1.14387,1.14391,17.0
2026-07-06 15:26:00,1.1439,1.14391,1.14386,1.1439,30.0
2026-07-06 15:27:00,1.14391,1.14396,1.1439,1.1439,47.0
2026-07-06 15:28:00,1.14391,1.14392,1.14386,1.14392,42.0
2026-07-06 15:29:00,1.14392,1.14392,1.14388,1.14388,39.0
2026-07-06 15:30:00,1.1439,1.144,1.14389,1.14396,61.0
2026-07-06 15:31:00,1.14394,1.14402,1.14394,1.14402,41.0
2026-07-06 15:32:00,1.14401,1.14404,1.144,1.14404,9.0
2026-07-06 15:33:00,1.14404,1.14407,1.14402,1.14404,47.0
2026-07-06 15:34:00,1.14404,1.14406,1.14396,1.14398,34.0
2026-07-06 15:35:00,1.14398,1.14405,1.14398,1.14401,39.0
2026-07-06 15:36:00,1.14402,1.14411,1.14401,1.14408,39.0
2026-07-06 15:37:00,1.14406,1.14408,1.144,1.144,37.0
2026-07-06 15:38:00,1.144,1.144,1.144,1.144,2.0
2026-07-06 15:39:00,1.144,1.144,1.144,1.144,17.0
2026-07-06 15:40:00,1.14402,1.14402,1.144,1.14401,4.0
2026-07-06 15:41:00,1.14401,1.14402,1.14396,1.14396,25.0
2026-07-06 15:42:00,1.14397,1.14399,1.14396,1.14398,46.0
2026-07-06 15:43:00,1.14397,1.14398,1.1439,1.14392,36.0
2026-07-06 15:44:00,1.14392,1.14397,1.14392,1.14396,51.0
2026-07-06 15:45:00,1.14396,1.14407,1.14396,1.14407,23.0
2026-07-06 15:46:00,1.14406,1.14408,1.14401,1.14404,44.0
2026-07-06 15:47:00,1.14402,1.14407,1.14401,1.14406,37.0
2026-07-06 15:48:00,1.14406,1.14406,1.144,1.14402,28.0
2026-07-06 15:49:00,1.14402,1.14408,1.14402,1.14407,28.0
2026-07-06 15:50:00,1.14406,1.14412,1.14406,1.14409,55.0
2026-07-06 15:51:00,1.1441,1.14412,1.14409,1.1441,24.0
2026-07-06 15:52:00,1.1441,1.14419,1.1441,1.14416,31.0
2026-07-06 15:53:00,1.14416,1.14416,1.14412,1.14414,21.0
2026-07-06 15:54:00,1.14414,1.14416,1.14411,1.14416,31.0
2026-07-06 15:55:00,1.14416,1.14418,1.14412,1.14416,54.0
2026-07-06 15:56:00,1.14416,1.14416,1.14402,1.14406,61.0
2026-07-06 15:57:00,1.14406,1.14414,1.14404,1.14413,155.0
2026-07-06 15:58:00,1.14414,1.14418,1.1441,1.14412,147.0
2026-07-06 15:59:00,1.1441,1.14416,1.14408,1.14411,188.0
2026-07-06 16:00:00,1.1441,1.1442,1.1441,1.14416,115.0
2026-07-06 16:01:00,1.14416,1.14418,1.14412,1.14417,54.0
2026-07-06 16:02:00,1.14418,1.14418,1.14407,1.1441,52.0
2026-07-06 16:03:00,1.14409,1.14412,1.14408,1.1441,35.0
2026-07-06 16:04:00,1.14411,1.1442,1.14411,1.1442,21.0
2026-07-06 16:05:00,1.14418,1.14418,1.14408,1.14416,35.0
2026-07-06 16:06:00,1.14416,1.14418,1.14414,1.14416,17.0
2026-07-06 16:07:00,1.14416,1.14416,1.14412,1.14414,14.0
2026-07-06 16:08:00,1.14414,1.14415,1.14413,1.14415,9.0
2026-07-06 16:09:00,1.14416,1.14416,1.14412,1.14415,19.0
2026-07-06 16:10:00,1.14416,1.14416,1.14414,1.14416,22.0
2026-07-06 16:11:00,1.14415,1.14418,1.14415,1.14418,47.0
2026-07-06 16:12:00,1.14418,1.1442,1.14416,1.14418,39.0
2026-07-06 16:13:00,1.14418,1.14418,1.14417,1.14418,13.0
2026-07-06 16:14:00,1.14417,1.14418,1.14405,1.14406,34.0
2026-07-06 16:15:00,1.14404,1.14405,1.14398,1.14398,16.0
2026-07-06 16:16:00,1.14398,1.144,1.14396,1.144,27.0
2026-07-06 16:17:00,1.144,1.14402,1.14398,1.14401,16.0
2026-07-06 16:18:00,1.14402,1.14406,1.144,1.14406,17.0
2026-07-06 16:19:00,1.14406,1.14409,1.14406,1.14406,44.0
2026-07-06 16:20:00,1.14406,1.14407,1.14403,1.14404,30.0
2026-07-06 16:21:00,1.14404,1.14408,1.14404,1.14407,24.0
2026-07-06 16:22:00,1.14406,1.1441,1.14406,1.14408,17.0
2026-07-06 16:23:00,1.14406,1.14412,1.14406,1.14412,17.0
2026-07-06 16:24:00,1.14412,1.14414,1.14411,1.14411,13.0
2026-07-06 16:25:00,1.1441,1.14411,1.14409,1.1441,18.0
2026-07-06 16:26:00,1.1441,1.1441,1.1441,1.1441,5.0
2026-07-06 16:27:00,1.1441,1.14418,1.14408,1.14418,17.0
2026-07-06 16:28:00,1.14419,1.1442,1.14417,1.14417,7.0
2026-07-06 16:29:00,1.14418,1.14419,1.14416,1.14416,18.0
2026-07-06 16:30:00,1.14416,1.14416,1.14414,1.14416,5.0
2026-07-06 16:31:00,1.14416,1.14416,1.14414,1.14414,9.0
2026-07-06 16:32:00,1.14415,1.14416,1.14415,1.14416,2.0
2026-07-06 16:33:00,1.14415,1.14417,1.14414,1.14414,19.0
2026-07-06 16:34:00,1.14413,1.14414,1.14413,1.14413,5.0
2026-07-06 16:35:00,1.14412,1.14412,1.14402,1.14404,31.0
2026-07-06 16:36:00,1.14404,1.14404,1.14399,1.144,20.0
2026-07-06 16:37:00,1.144,1.14402,1.14399,1.14399,13.0
2026-07-06 16:38:00,1.14398,1.14404,1.14398,1.14404,44.0
2026-07-06 16:39:00,1.14404,1.14404,1.14404,1.14404,2.0
2026-07-06 16:40:00,1.14406,1.14406,1.14398,1.144,10.0
2026-07-06 16:41:00,1.14402,1.14404,1.14402,1.14402,38.0
2026-07-06 16:42:00,1.14402,1.14404,1.14402,1.14402,16.0
2026-07-06 16:43:00,1.14402,1.14404,1.14402,1.14404,14.0
2026-07-06 16:44:00,1.14404,1.14404,1.14404,1.14404,10.0
2026-07-06 16:45:00,1.14404,1.14404,1.144,1.14401,30.0
2026-07-06 16:46:00,1.14402,1.14402,1.14398,1.14402,25.0
2026-07-06 16:47:00,1.14402,1.14402,1.14402,1.14402,3.0
2026-07-06 16:48:00,1.14402,1.14403,1.14402,1.14402,6.0
2026-07-06 16:49:00,1.14403,1.14403,1.14402,1.14402,8.0
2026-07-06 16:50:00,1.14403,1.14403,1.144,1.14402,14.0
2026-07-06 16:51:00,1.14403,1.14403,1.14402,1.14402,17.0
2026-07-06 16:52:00,1.14402,1.14402,1.14402,1.14402,4.0
2026-07-06 16:53:00,1.14402,1.1441,1.14402,1.14408,25.0
2026-07-06 16:54:00,1.14409,1.14409,1.14408,1.14408,3.0
2026-07-06 16:55:00,1.14407,1.14408,1.14406,1.14407,11.0
2026-07-06 16:56:00,1.14408,1.14408,1.14407,1.14408,3.0
2026-07-06 16:57:00,1.14407,1.14408,1.14406,1.14408,16.0
2026-07-06 16:58:00,1.14409,1.14409,1.14406,1.14408,48.0
2026-07-06 16:59:00,1.1441,1.1441,1.14408,1.14408,7.0
2026-07-06 17:00:00,1.14508,1.14508,1.14508,1.14508,0.0
2026-07-06 17:01:00,1.14416,1.14416,1.14416,1.14416,0.0
2026-07-06 17:02:00,1.14456,1.14456,1.14456,1.14456,0.0
2026-07-06 17:03:00,1.14469,1.14469,1.14469,1.14469,0.0
2026-07-06 17:04:00,1.1442,1.1442,1.1442,1.1442,1.0
2026-07-06 17:05:00,1.14422,1.14424,1.1442,1.14423,17.0
2026-07-06 17:06:00,1.14421,1.14423,1.1442,1.1442,13.0
2026-07-06 17:07:00,1.14423,1.14423,1.1442,1.14422,7.0
2026-07-06 17:08:00,1.14424,1.14428,1.14424,1.14426,13.0
2026-07-06 17:09:00,1.14426,1.14426,1.14426,1.14426,7.0
2026-07-06 17:10:00,1.14428,1.14428,1.14422,1.14423,87.0
2026-07-06 17:11:00,1.14424,1.14424,1.14418,1.14419,58.0
2026-07-06 17:12:00,1.14418,1.14423,1.14418,1.1442,59.0
2026-07-06 17:13:00,1.14422,1.14422,1.14417,1.1442,31.0
2026-07-06 17:14:00,1.1442,1.14422,1.14418,1.1442,23.0
2026-07-06 17:15:00,1.14419,1.14421,1.14418,1.1442,25.0
2026-07-06 17:16:00,1.1442,1.14421,1.1442,1.1442,10.0
2026-07-06 17:17:00,1.14418,1.1442,1.14418,1.14418,4.0
2026-07-06 17:18:00,1.14418,1.14419,1.14418,1.14419,10.0
2026-07-06 17:19:00,1.14418,1.14422,1.14418,1.14418,29.0
2026-07-06 17:20:00,1.14418,1.14421,1.14418,1.14419,24.0
2026-07-06 17:21:00,1.14418,1.14422,1.14418,1.14421,29.0
2026-07-06 17:22:00,1.1442,1.14422,1.1442,1.14421,12.0
2026-07-06 17:23:00,1.14422,1.14422,1.14419,1.14422,36.0
2026-07-06 17:24:00,1.14422,1.14423,1.14418,1.14421,47.0
2026-07-06 17:25:00,1.14422,1.14424,1.14418,1.14419,30.0
2026-07-06 17:26:00,1.1442,1.14422,1.14418,1.14418,15.0
2026-07-06 17:27:00,1.1442,1.14422,1.14418,1.1442,14.0
2026-07-06 17:28:00,1.1442,1.14424,1.14419,1.14422,17.0
2026-07-06 17:29:00,1.1442,1.14424,1.14419,1.14423,64.0
2026-07-06 17:30:00,1.14422,1.14423,1.1442,1.14422,32.0
2026-07-06 17:31:00,1.14422,1.14422,1.14418,1.14422,14.0
2026-07-06 17:32:00,1.14423,1.14424,1.1442,1.14423,18.0
2026-07-06 17:33:00,1.14424,1.14424,1.1442,1.14421,14.0
2026-07-06 17:34:00,1.14422,1.14424,1.1442,1.14423,20.0
2026-07-06 17:35:00,1.14422,1.14422,1.14419,1.1442,8.0
2026-07-06 17:36:00,1.1442,1.1442,1.14418,1.1442,10.0
2026-07-06 17:37:00,1.1442,1.1442,1.1442,1.1442,6.0
2026-07-06 17:38:00,1.14421,1.14422,1.1442,1.1442,5.0
2026-07-06 17:39:00,1.1442,1.1442,1.14418,1.1442,9.0
2026-07-06 17:40:00,1.14418,1.14426,1.14418,1.14426,25.0
2026-07-06 17:41:00,1.14424,1.1443,1.14424,1.14427,19.0
2026-07-06 17:42:00,1.14428,1.14435,1.14422,1.14422,25.0
2026-07-06 17:43:00,1.14422,1.14426,1.14418,1.14421,40.0
2026-07-06 17:44:00,1.14422,1.14424,1.14421,1.14422,17.0
2026-07-06 17:45:00,1.14424,1.14424,1.14422,1.14424,25.0
2026-07-06 17:46:00,1.14422,1.14424,1.14422,1.14422,12.0
2026-07-06 17:47:00,1.14422,1.1443,1.14419,1.14429,51.0
2026-07-06 17:48:00,1.14428,1.14433,1.14428,1.14432,29.0
2026-07-06 17:49:00,1.1443,1.14434,1.1443,1.14434,32.0
2026-07-06 17:50:00,1.14433,1.14436,1.14432,1.14436,45.0
2026-07-06 17:51:00,1.14434,1.14436,1.14432,1.14434,38.0
2026-07-06 17:52:00,1.14434,1.14436,1.14433,1.14434,41.0
2026-07-06 17:53:00,1.14436,1.1444,1.14432,1.14436,59.0
2026-07-06 17:54:00,1.1444,1.14442,1.14436,1.14442,21.0
2026-07-06 17:55:00,1.14441,1.14445,1.14438,1.14445,11.0
2026-07-06 17:56:00,1.14446,1.1446,1.14446,1.14459,47.0
2026-07-06 17:57:00,1.14456,1.14456,1.14449,1.14452,31.0
2026-07-06 17:58:00,1.14453,1.14456,1.1445,1.1445,32.0
2026-07-06 17:59:00,1.14451,1.14457,1.14448,1.14454,39.0
2026-07-06 18:00:00,1.14454,1.1446,1.14434,1.14442,77.0
2026-07-06 18:01:00,1.14446,1.14448,1.14442,1.14445,15.0
2026-07-06 18:02:00,1.14444,1.14445,1.14441,1.14442,10.0
2026-07-06 18:03:00,1.14441,1.14441,1.14428,1.14432,30.0
2026-07-06 18:04:00,1.14432,1.14432,1.14428,1.14429,10.0
2026-07-06 18:05:00,1.14428,1.14434,1.14425,1.14434,28.0
2026-07-06 18:06:00,1.14434,1.14434,1.14431,1.14432,11.0
2026-07-06 18:07:00,1.14432,1.14432,1.14427,1.14428,15.0
2026-07-06 18:08:00,1.14427,1.1443,1.14426,1.14428,22.0
2026-07-06 18:09:00,1.14428,1.1443,1.14426,1.14426,16.0
2026-07-06 18:10:00,1.14426,1.1443,1.14426,1.14428,23.0
2026-07-06 18:11:00,1.14427,1.14436,1.14427,1.14433,12.0
2026-07-06 18:12:00,1.14434,1.1444,1.14434,1.14438,13.0
2026-07-06 18:13:00,1.14438,1.14438,1.14438,1.14438,31.0
2026-07-06 18:14:00,1.14438,1.14441,1.14438,1.1444,7.0
2026-07-06 18:15:00,1.1444,1.1444,1.14437,1.14438,25.0
2026-07-06 18:16:00,1.14438,1.14438,1.14437,1.14438,36.0
2026-07-06 18:17:00,1.14438,1.14438,1.14437,1.14437,17.0
2026-07-06 18:18:00,1.14438,1.14438,1.14434,1.14436,26.0
2026-07-06 18:19:00,1.14437,1.14438,1.14436,1.14436,15.0
2026-07-06 18:20:00,1.14436,1.14438,1.14436,1.14438,16.0
2026-07-06 18:21:00,1.14438,1.1444,1.14436,1.14438,58.0
2026-07-06 18:22:00,1.14438,1.14438,1.14434,1.14436,17.0
2026-07-06 18:23:00,1.14434,1.14436,1.14433,1.14433,13.0
2026-07-06 18:24:00,1.14432,1.14434,1.14432,1.14432,6.0
2026-07-06 18:25:00,1.14432,1.14433,1.14432,1.14432,6.0
2026-07-06 18:26:00,1.14432,1.14432,1.14432,1.14432,3.0
2026-07-06 18:27:00,1.14432,1.14432,1.14432,1.14432,3.0
2026-07-06 18:28:00,1.14432,1.14432,1.14432,1.14432,2.0
2026-07-06 18:29:00,1.14432,1.14432,1.14431,1.14432,13.0
2026-07-06 18:30:00,1.1443,1.14432,1.1443,1.14431,5.0
2026-07-06 18:31:00,1.14432,1.14433,1.14432,1.14433,8.0
2026-07-06 18:32:00,1.14432,1.14433,1.14432,1.14433,2.0
2026-07-06 18:33:00,1.14432,1.14438,1.14432,1.14438,27.0
2026-07-06 18:34:00,1.1444,1.14444,1.1444,1.14441,18.0
2026-07-06 18:35:00,1.1444,1.14441,1.14436,1.14436,46.0
2026-07-06 18:36:00,1.14436,1.14437,1.14434,1.14434,20.0
2026-07-06 18:37:00,1.14469,1.14469,1.14469,1.14469,0.0
2026-07-06 18:38:00,1.14436,1.14438,1.14436,1.14436,7.0
2026-07-06 18:39:00,1.14436,1.14436,1.14434,1.14436,10.0
2026-07-06 18:40:00,1.14437,1.14437,1.14436,1.14436,16.0
2026-07-06 18:41:00,1.14436,1.14436,1.14436,1.14436,4.0
2026-07-06 18:42:00,1.14434,1.14435,1.14434,1.14434,5.0
2026-07-06 18:43:00,1.14434,1.14436,1.14434,1.14436,6.0
2026-07-06 18:44:00,1.14435,1.14435,1.14432,1.14433,9.0
2026-07-06 18:45:00,1.14432,1.14436,1.14432,1.14434,17.0
2026-07-06 18:46:00,1.14435,1.14438,1.14434,1.14438,10.0
2026-07-06 18:47:00,1.14437,1.14438,1.14436,1.14438,3.0
2026-07-06 18:48:00,1.14436,1.14438,1.14436,1.14436,6.0
2026-07-06 18:49:00,1.14437,1.14437,1.14436,1.14437,3.0
2026-07-06 18:50:00,1.14438,1.1444,1.14438,1.1444,16.0
2026-07-06 18:51:00,1.1444,1.1444,1.14438,1.1444,7.0
2026-07-06 18:52:00,1.14439,1.1444,1.14438,1.14438,8.0
2026-07-06 18:53:00,1.14438,1.1444,1.14438,1.1444,6.0
2026-07-06 18:54:00,1.14442,1.14442,1.14438,1.1444,9.0
2026-07-06 18:55:00,1.14442,1.14442,1.1444,1.14442,5.0
2026-07-06 18:56:00,1.14441,1.14443,1.14441,1.14443,7.0
2026-07-06 18:57:00,1.14442,1.14443,1.1444,1.14442,12.0
2026-07-06 18:58:00,1.14442,1.14443,1.14442,1.14442,12.0
2026-07-06 18:59:00,1.14445,1.14452,1.14445,1.14452,13.0
2026-07-06 19:00:00,1.14452,1.14458,1.14452,1.14458,24.0
2026-07-06 19:01:00,1.14458,1.14474,1.14458,1.1447,52.0
2026-07-06 19:02:00,1.14468,1.14468,1.14464,1.14468,25.0
2026-07-06 19:03:00,1.1447,1.14472,1.1447,1.14472,21.0
2026-07-06 19:04:00,1.1447,1.14481,1.14467,1.14467,37.0
2026-07-06 19:05:00,1.14466,1.14467,1.14466,1.14466,5.0
2026-07-06 19:06:00,1.14467,1.14467,1.14457,1.14458,22.0
2026-07-06 19:07:00,1.14457,1.14459,1.14455,1.14459,18.0
2026-07-06 19:08:00,1.1446,1.1446,1.14456,1.14457,27.0
2026-07-06 19:09:00,1.14456,1.1446,1.14456,1.1446,10.0
2026-07-06 19:10:00,1.14459,1.1446,1.14448,1.14451,26.0
2026-07-06 19:11:00,1.14453,1.14453,1.14452,1.14453,10.0
2026-07-06 19:12:00,1.14454,1.14456,1.14454,1.14455,13.0
2026-07-06 19:13:00,1.14454,1.14456,1.14454,1.14456,3.0
2026-07-06 19:14:00,1.14456,1.14456,1.14456,1.14456,11.0
2026-07-06 19:15:00,1.14456,1.14458,1.14456,1.14456,9.0
2026-07-06 19:16:00,1.14456,1.14456,1.14454,1.14454,11.0
2026-07-06 19:17:00,1.14454,1.14461,1.14454,1.14461,28.0
2026-07-06 19:18:00,1.14462,1.14464,1.14462,1.14464,19.0
2026-07-06 19:19:00,1.14463,1.14464,1.14462,1.14463,5.0
2026-07-06 19:20:00,1.14465,1.14468,1.14465,1.14468,19.0
2026-07-06 19:21:00,1.14467,1.14468,1.14466,1.14466,6.0
2026-07-06 19:22:00,1.14468,1.14468,1.14468,1.14468,1.0
2026-07-06 19:23:00,1.14466,1.14467,1.14464,1.14466,11.0
2026-07-06 19:24:00,1.14466,1.14466,1.1446,1.1446,20.0
2026-07-06 19:25:00,1.1446,1.14462,1.14457,1.14457,17.0
2026-07-06 19:26:00,1.14456,1.14457,1.14455,1.14456,20.0
2026-07-06 19:27:00,1.14456,1.14457,1.14455,1.14455,16.0
2026-07-06 19:28:00,1.14452,1.14452,1.14446,1.14446,5.0
2026-07-06 19:29:00,1.14445,1.14446,1.14441,1.14442,25.0
2026-07-06 19:30:00,1.14442,1.1445,1.14442,1.1445,24.0
2026-07-06 19:31:00,1.1445,1.14452,1.14446,1.14446,17.0
2026-07-06 19:32:00,1.14446,1.14446,1.14446,1.14446,2.0
2026-07-06 19:33:00,1.14446,1.1445,1.14446,1.1445,9.0
2026-07-06 19:34:00,1.1445,1.1445,1.14448,1.14449,16.0
2026-07-06 19:35:00,1.1445,1.1445,1.14445,1.14446,15.0
2026-07-06 19:36:00,1.14446,1.14446,1.14444,1.14444,9.0
2026-07-06 19:37:00,1.14444,1.14444,1.1444,1.1444,24.0
2026-07-06 19:38:00,1.14441,1.14441,1.1444,1.14441,17.0
2026-07-06 19:39:00,1.1444,1.14441,1.1444,1.1444,13.0
2026-07-06 19:40:00,1.1444,1.14441,1.1444,1.1444,7.0
2026-07-06 19:41:00,1.1444,1.14441,1.1444,1.1444,16.0
2026-07-06 19:42:00,1.14441,1.14441,1.14436,1.14436,22.0
2026-07-06 19:43:00,1.14437,1.1444,1.14436,1.1444,34.0
2026-07-06 19:44:00,1.1444,1.14448,1.14439,1.14444,26.0
2026-07-06 19:45:00,1.14445,1.14446,1.14442,1.14442,31.0
2026-07-06 19:46:00,1.14442,1.14446,1.14442,1.14444,17.0
2026-07-06 19:47:00,1.14443,1.14445,1.1444,1.14442,17.0
2026-07-06 19:48:00,1.14441,1.14444,1.1444,1.1444,18.0
2026-07-06 19:49:00,1.1444,1.14446,1.1444,1.14443,22.0
2026-07-06 19:50:00,1.14442,1.14443,1.14434,1.14435,28.0
2026-07-06 19:51:00,1.14434,1.14436,1.1442,1.1442,39.0
2026-07-06 19:52:00,1.1442,1.14431,1.14418,1.14426,69.0
2026-07-06 19:53:00,1.14427,1.14427,1.14422,1.14425,46.0
2026-07-06 19:54:00,1.14426,1.14426,1.14421,1.14422,30.0
2026-07-06 19:55:00,1.14422,1.14426,1.1442,1.1442,33.0
2026-07-06 19:56:00,1.14421,1.14421,1.14418,1.14418,49.0
2026-07-06 19:57:00,1.14419,1.1442,1.14412,1.14418,45.0
2026-07-06 19:58:00,1.14416,1.14417,1.14413,1.14413,18.0
2026-07-06 19:59:00,1.14413,1.14417,1.14413,1.14415,38.0
2026-07-06 20:00:00,1.14414,1.14424,1.1441,1.1442,143.0
2026-07-06 20:01:00,1.1442,1.1442,1.14408,1.1441,95.0
2026-07-06 20:02:00,1.14409,1.14422,1.14406,1.14422,77.0
2026-07-06 20:03:00,1.14422,1.14422,1.14416,1.14416,52.0
2026-07-06 20:04:00,1.14417,1.14422,1.14413,1.14419,51.0
2026-07-06 20:05:00,1.1442,1.14424,1.14412,1.14422,74.0
2026-07-06 20:06:00,1.14422,1.14422,1.14409,1.14412,76.0
2026-07-06 20:07:00,1.1441,1.14416,1.1441,1.14414,80.0
2026-07-06 20:08:00,1.14412,1.14414,1.14409,1.14411,54.0
2026-07-06 20:09:00,1.1441,1.14417,1.1441,1.14416,75.0
2026-07-06 20:10:00,1.14414,1.1442,1.14412,1.14412,75.0
2026-07-06 20:11:00,1.14412,1.14412,1.14404,1.14408,46.0
2026-07-06 20:12:00,1.14408,1.14408,1.14404,1.14406,58.0
2026-07-06 20:13:00,1.14407,1.14413,1.14407,1.14408,66.0
2026-07-06 20:14:00,1.14408,1.14412,1.14408,1.14412,49.0
2026-07-06 20:15:00,1.1441,1.14411,1.14405,1.14408,59.0
2026-07-06 20:16:00,1.14405,1.14405,1.14398,1.144,58.0
2026-07-06 20:17:00,1.14399,1.14399,1.14395,1.14398,27.0
2026-07-06 20:18:00,1.14398,1.14402,1.14398,1.144,47.0
2026-07-06 20:19:00,1.144,1.14402,1.144,1.14402,22.0
2026-07-06 20:20:00,1.14401,1.14402,1.14398,1.144,35.0
2026-07-06 20:21:00,1.144,1.14404,1.14398,1.144,50.0
2026-07-06 20:22:00,1.144,1.144,1.14396,1.14399,40.0
2026-07-06 20:23:00,1.144,1.14401,1.14393,1.14396,54.0
2026-07-06 20:24:00,1.14394,1.14402,1.14392,1.14397,57.0
2026-07-06 20:25:00,1.14396,1.14402,1.14396,1.14402,35.0
2026-07-06 20:26:00,1.14402,1.14404,1.14399,1.144,59.0
2026-07-06 20:27:00,1.14401,1.14402,1.14386,1.14389,47.0
2026-07-06 20:28:00,1.14388,1.14388,1.14382,1.14384,56.0
2026-07-06 20:29:00,1.14384,1.14388,1.14382,1.14388,77.0
2026-07-06 20:30:00,1.14387,1.14396,1.14386,1.14392,80.0
2026-07-06 20:31:00,1.14392,1.14397,1.14392,1.14394,29.0
2026-07-06 20:32:00,1.14395,1.14397,1.14392,1.14393,50.0
2026-07-06 20:33:00,1.14392,1.14398,1.14392,1.14397,40.0
2026-07-06 20:34:00,1.14398,1.14402,1.14396,1.14396,22.0
2026-07-06 20:35:00,1.14398,1.14402,1.14396,1.14398,80.0
2026-07-06 20:36:00,1.14397,1.14399,1.14395,1.14398,53.0
2026-07-06 20:37:00,1.14398,1.14398,1.14381,1.14382,88.0
2026-07-06 20:38:00,1.14382,1.14388,1.14382,1.14388,59.0
2026-07-06 20:39:00,1.14387,1.14389,1.14382,1.14382,75.0
2026-07-06 20:40:00,1.14382,1.14386,1.14382,1.14386,35.0
2026-07-06 20:41:00,1.14386,1.14388,1.14386,1.14386,55.0
2026-07-06 20:42:00,1.14386,1.14386,1.14382,1.14382,37.0
2026-07-06 20:43:00,1.14382,1.14392,1.14382,1.14392,29.0
2026-07-06 20:44:00,1.14392,1.14398,1.14392,1.14395,66.0
2026-07-06 20:45:00,1.14394,1.14402,1.14392,1.14399,67.0
2026-07-06 20:46:00,1.144,1.144,1.14396,1.144,45.0
2026-07-06 20:47:00,1.144,1.14403,1.14396,1.14397,52.0
2026-07-06 20:48:00,1.14398,1.14402,1.14397,1.144,55.0
2026-07-06 20:49:00,1.144,1.14404,1.14399,1.144,46.0
2026-07-06 20:50:00,1.144,1.14408,1.144,1.14406,68.0
2026-07-06 20:51:00,1.14406,1.14407,1.14399,1.14402,58.0
2026-07-06 20:52:00,1.14402,1.14411,1.14397,1.14408,64.0
2026-07-06 20:53:00,1.14406,1.1441,1.14406,1.14408,65.0
2026-07-06 20:54:00,1.14408,1.14422,1.14402,1.14412,138.0
2026-07-06 20:55:00,1.14412,1.14414,1.14406,1.14408,72.0
2026-07-06 20:56:00,1.14407,1.14408,1.14402,1.14402,43.0
2026-07-06 20:57:00,1.14403,1.14406,1.14401,1.14402,125.0
2026-07-06 20:58:00,1.14403,1.14404,1.14394,1.14396,77.0
2026-07-06 20:59:00,1.14395,1.14396,1.14384,1.14386,66.0
2026-07-06 21:00:00,1.14386,1.14396,1.14384,1.14396,115.0
2026-07-06 21:01:00,1.14397,1.14397,1.1439,1.14394,85.0
2026-07-06 21:02:00,1.14394,1.14398,1.14386,1.14386,66.0
2026-07-06 21:03:00,1.14387,1.1439,1.14384,1.14387,51.0
2026-07-06 21:04:00,1.14388,1.14392,1.14386,1.14391,57.0
2026-07-06 21:05:00,1.14392,1.14398,1.14386,1.14394,66.0
2026-07-06 21:06:00,1.14392,1.14397,1.14391,1.14396,51.0
2026-07-06 21:07:00,1.14398,1.14398,1.14387,1.14388,56.0
2026-07-06 21:08:00,1.14388,1.14396,1.14388,1.14395,83.0
2026-07-06 21:09:00,1.14394,1.14396,1.1439,1.14394,37.0
2026-07-06 21:10:00,1.14395,1.14395,1.14395,1.14395,1.0
2026-07-06 21:11:00,1.14396,1.1443,1.14389,1.14389,60.0
2026-07-06 21:12:00,1.14388,1.1443,1.14387,1.14389,50.0
2026-07-06 21:13:00,1.14391,1.1443,1.14391,1.14392,51.0
2026-07-06 21:14:00,1.14388,1.1443,1.14388,1.14396,60.0
2026-07-06 21:15:00,1.14394,1.14396,1.14386,1.14388,92.0
2026-07-06 21:16:00,1.14392,1.1443,1.14392,1.14396,31.0
2026-07-06 21:17:00,1.14394,1.1443,1.14389,1.14396,66.0
2026-07-06 21:18:00,1.14397,1.1443,1.14397,1.14399,32.0
2026-07-06 21:19:00,1.14398,1.1443,1.14394,1.14394,44.0
2026-07-06 21:20:00,1.14392,1.14392,1.14385,1.14386,40.0
2026-07-06 21:21:00,1.14388,1.14416,1.14387,1.14387,40.0
2026-07-06 21:22:00,1.14386,1.14387,1.1438,1.14382,46.0
2026-07-06 21:23:00,1.14382,1.14416,1.14381,1.14386,88.0
2026-07-06 21:24:00,1.14386,1.14416,1.14376,1.14376,46.0
2026-07-06 21:25:00,1.14374,1.14403,1.14372,1.14377,25.0
2026-07-06 21:26:00,1.14376,1.14403,1.14376,1.14378,25.0
2026-07-06 21:27:00,1.14379,1.14403,1.14376,1.14381,60.0
2026-07-06 21:28:00,1.14381,1.14387,1.14381,1.14387,43.0
2026-07-06 21:29:00,1.14388,1.14395,1.1438,1.14395,81.0
2026-07-06 21:30:00,1.14403,1.1445,1.14403,1.1445,372.0
2026-07-06 21:31:00,1.14456,1.14458,1.14432,1.14434,269.0
2026-07-06 21:32:00,1.14436,1.1444,1.1442,1.14428,107.0
2026-07-06 21:33:00,1.14428,1.14464,1.14424,1.14461,152.0
2026-07-06 21:34:00,1.1446,1.14482,1.14446,1.14446,85.0
2026-07-06 21:35:00,1.1445,1.1445,1.14444,1.14446,72.0
2026-07-06 21:36:00,1.14443,1.14482,1.1444,1.14442,91.0
2026-07-06 21:37:00,1.14432,1.14456,1.14426,1.14426,52.0
2026-07-06 21:38:00,1.14422,1.14456,1.1442,1.1442,75.0
2026-07-06 21:39:00,1.14418,1.1442,1.14418,1.14419,89.0
2026-07-06 21:40:00,1.14417,1.14456,1.14417,1.14425,102.0
2026-07-06 21:41:00,1.14424,1.14424,1.14416,1.14416,73.0
2026-07-06 21:42:00,1.14416,1.14443,1.14415,1.14416,53.0
2026-07-06 21:43:00,1.14418,1.14418,1.14402,1.14402,89.0
2026-07-06 21:44:00,1.144,1.144,1.14396,1.14397,63.0
2026-07-06 21:45:00,1.14396,1.1443,1.14396,1.14404,47.0
2026-07-06 21:46:00,1.14406,1.14443,1.14406,1.14406,54.0
2026-07-06 21:47:00,1.14407,1.14456,1.14406,1.14416,89.0
2026-07-06 21:48:00,1.14412,1.14443,1.14412,1.1442,102.0
2026-07-06 21:49:00,1.14422,1.14469,1.14422,1.14427,77.0
2026-07-06 21:50:00,1.1443,1.14469,1.14428,1.14428,93.0
2026-07-06 21:51:00,1.14424,1.14456,1.14424,1.14438,96.0
2026-07-06 21:52:00,1.14438,1.14482,1.14438,1.14448,75.0
2026-07-06 21:53:00,1.1445,1.14462,1.1445,1.14456,138.0
2026-07-06 21:54:00,1.1446,1.14495,1.1446,1.14467,115.0
2026-07-06 21:55:00,1.14467,1.14495,1.14448,1.14448,109.0
2026-07-06 21:56:00,1.14446,1.14452,1.14444,1.14444,105.0
2026-07-06 21:57:00,1.14441,1.14469,1.14431,1.14442,142.0
2026-07-06 21:58:00,1.14439,1.14444,1.14436,1.14436,50.0
2026-07-06 21:59:00,1.14435,1.1444,1.14434,1.1444,75.0
2026-07-06 22:00:00,1.14439,1.14482,1.14439,1.14451,177.0
2026-07-06 22:01:00,1.14447,1.14495,1.14447,1.14461,99.0
2026-07-06 22:02:00,1.14461,1.14482,1.14452,1.14454,95.0
2026-07-06 22:03:00,1.14444,1.14448,1.14444,1.14446,48.0
2026-07-06 22:04:00,1.14452,1.14482,1.14447,1.14449,88.0
2026-07-06 22:05:00,1.14449,1.14482,1.14446,1.14448,28.0
2026-07-06 22:06:00,1.1445,1.14482,1.14448,1.14449,14.0
2026-07-06 22:07:00,1.14449,1.14482,1.14442,1.14442,39.0
2026-07-06 22:08:00,1.14446,1.14469,1.1443,1.1443,80.0
2026-07-06 22:09:00,1.1443,1.14436,1.14427,1.14432,55.0
2026-07-06 22:10:00,1.14431,1.14456,1.14428,1.14432,97.0
2026-07-06 22:11:00,1.14432,1.14469,1.14429,1.14432,53.0
2026-07-06 22:12:00,1.14469,1.14469,1.14434,1.14436,57.0
2026-07-06 22:13:00,1.14437,1.14469,1.14432,1.14432,79.0
2026-07-06 22:14:00,1.14428,1.14456,1.14426,1.1443,56.0
2026-07-06 22:15:00,1.14431,1.14432,1.14427,1.14427,35.0
2026-07-06 22:16:00,1.14428,1.14469,1.14428,1.14434,58.0
2026-07-06 22:17:00,1.14432,1.14469,1.14428,1.1443,61.0
2026-07-06 22:18:00,1.14432,1.14432,1.14424,1.14426,61.0
2026-07-06 22:19:00,1.14427,1.14469,1.14427,1.14432,25.0
2026-07-06 22:20:00,1.14433,1.14433,1.14422,1.14423,17.0
2026-07-06 22:21:00,1.14424,1.14456,1.14424,1.14428,32.0
2026-07-06 22:22:00,1.14427,1.14469,1.14427,1.14432,14.0
2026-07-06 22:23:00,1.14431,1.14438,1.14431,1.14438,70.0
2026-07-06 22:24:00,1.14437,1.14438,1.1443,1.14432,25.0
2026-07-06 22:25:00,1.14433,1.14433,1.14429,1.14431,42.0
2026-07-06 22:26:00,1.1443,1.14432,1.14427,1.14427,32.0
2026-07-06 22:27:00,1.14426,1.14456,1.14423,1.14427,36.0
2026-07-06 22:28:00,1.14427,1.14427,1.14423,1.14424,49.0
2026-07-06 22:29:00,1.14422,1.14456,1.14416,1.14416,34.0
2026-07-06 22:30:00,1.14411,1.14413,1.14407,1.14411,62.0
2026-07-06 22:31:00,1.14413,1.14413,1.14408,1.14412,46.0
2026-07-06 22:32:00,1.14417,1.14422,1.14416,1.14421,50.0
2026-07-06 22:33:00,1.14422,1.14422,1.14417,1.14419,36.0
2026-07-06 22:34:00,1.14422,1.14424,1.14421,1.14424,29.0
2026-07-06 22:35:00,1.14426,1.14428,1.14426,1.14428,73.0
2026-07-06 22:36:00,1.14431,1.14437,1.14431,1.14437,49.0
2026-07-06 22:37:00,1.14436,1.14436,1.14428,1.14428,73.0
2026-07-06 22:38:00,1.14426,1.14428,1.14424,1.14428,58.0
2026-07-06 22:39:00,1.14426,1.14428,1.14426,1.14427,46.0
2026-07-06 22:40:00,1.14426,1.14456,1.14422,1.14426,76.0
2026-07-06 22:41:00,1.1443,1.1443,1.14416,1.14417,31.0
2026-07-06 22:42:00,1.14416,1.14416,1.1441,1.14413,20.0
2026-07-06 22:43:00,1.14412,1.14443,1.14412,1.14412,7.0
2026-07-06 22:44:00,1.14412,1.14443,1.14411,1.14413,31.0
2026-07-06 22:45:00,1.14412,1.14413,1.14411,1.14412,11.0
2026-07-06 22:46:00,1.14412,1.14443,1.14412,1.14413,22.0
2026-07-06 22:47:00,1.14412,1.14456,1.14412,1.14456,1.0
2026-07-06 22:48:00,1.1441,1.14443,1.14408,1.14408,21.0
2026-07-06 22:49:00,1.14407,1.14443,1.14406,1.14408,35.0
2026-07-06 22:50:00,1.14409,1.14443,1.14409,1.14409,16.0
2026-07-06 22:51:00,1.14406,1.1441,1.14406,1.14409,24.0
2026-07-06 22:52:00,1.14408,1.1441,1.14407,1.14407,37.0
2026-07-06 22:53:00,1.14406,1.14411,1.14406,1.14407,55.0
2026-07-06 22:54:00,1.14407,1.1441,1.14406,1.1441,27.0
2026-07-06 22:55:00,1.14408,1.14443,1.14405,1.14406,32.0
2026-07-06 22:56:00,1.14408,1.14443,1.14406,1.1441,35.0
2026-07-06 22:57:00,1.14412,1.14414,1.14406,1.14406,61.0
2026-07-06 22:58:00,1.14404,1.14404,1.14398,1.14398,62.0
2026-07-06 22:59:00,1.14398,1.14399,1.14396,1.14396,76.0
2026-07-06 23:00:00,1.14396,1.14402,1.14393,1.14402,117.0
2026-07-06 23:01:00,1.144,1.14406,1.144,1.14402,34.0
2026-07-06 23:02:00,1.14401,1.14443,1.14401,1.14408,45.0
2026-07-06 23:03:00,1.1441,1.14443,1.14407,1.14409,56.0
2026-07-06 23:04:00,1.14409,1.14412,1.14408,1.14409,43.0
2026-07-06 23:05:00,1.14414,1.14418,1.14414,1.14418,65.0
2026-07-06 23:06:00,1.1442,1.14456,1.14417,1.14418,16.0
2026-07-06 23:07:00,1.1442,1.1442,1.14416,1.14416,29.0
2026-07-06 23:08:00,1.14414,1.14414,1.14413,1.14414,32.0
2026-07-06 23:09:00,1.14415,1.14443,1.14413,1.14413,46.0
2026-07-06 23:10:00,1.14413,1.14443,1.14411,1.14412,25.0
2026-07-06 23:11:00,1.14443,1.14443,1.14411,1.14411,16.0
2026-07-06 23:12:00,1.1441,1.1441,1.14406,1.14408,69.0
2026-07-06 23:13:00,1.1441,1.14443,1.14408,1.14408,48.0
2026-07-06 23:14:00,1.14407,1.14407,1.14406,1.14407,20.0
2026-07-06 23:15:00,1.14406,1.14412,1.14406,1.14412,21.0
2026-07-06 23:16:00,1.14409,1.14409,1.14407,1.14407,29.0
2026-07-06 23:17:00,1.14406,1.14411,1.14406,1.1441,67.0
2026-07-06 23:18:00,1.14411,1.14412,1.14411,1.14412,6.0
2026-07-06 23:19:00,1.14417,1.1442,1.14417,1.14418,62.0
2026-07-06 23:20:00,1.14418,1.14456,1.14418,1.14418,43.0
2026-07-06 23:21:00,1.14422,1.14427,1.14422,1.14422,51.0
2026-07-06 23:22:00,1.14419,1.14428,1.14419,1.14426,76.0
2026-07-06 23:23:00,1.14427,1.14428,1.14421,1.14421,51.0
2026-07-06 23:24:00,1.14421,1.14422,1.14418,1.1442,47.0
2026-07-06 23:25:00,1.14422,1.14422,1.1442,1.1442,29.0
2026-07-06 23:26:00,1.14419,1.14419,1.14414,1.14414,30.0
2026-07-06 23:27:00,1.14414,1.14415,1.1441,1.1441,26.0
2026-07-06 23:28:00,1.14408,1.14409,1.14406,1.14408,38.0
2026-07-06 23:29:00,1.14407,1.14407,1.14401,1.14405,47.0
2026-07-06 23:30:00,1.1439,1.14396,1.14387,1.14394,95.0
2026-07-06 23:31:00,1.14394,1.14443,1.1439,1.14391,60.0
2026-07-06 23:32:00,1.14393,1.1443,1.14392,1.14396,53.0
2026-07-06 23:33:00,1.14396,1.14397,1.14392,1.14392,32.0
2026-07-06 23:34:00,1.1439,1.1443,1.1439,1.14398,43.0
2026-07-06 23:35:00,1.14398,1.1443,1.14398,1.144,38.0
2026-07-06 23:36:00,1.14396,1.1443,1.14396,1.1443,24.0
2026-07-06 23:37:00,1.14394,1.1443,1.14392,1.14392,30.0
2026-07-06 23:38:00,1.14392,1.1443,1.14388,1.14388,29.0
2026-07-06 23:39:00,1.14386,1.14386,1.14383,1.14386,55.0
2026-07-06 23:40:00,1.14383,1.14416,1.14381,1.14386,33.0
2026-07-06 23:41:00,1.14384,1.14416,1.14382,1.14382,43.0
2026-07-06 23:42:00,1.14381,1.14381,1.1437,1.1437,43.0
2026-07-06 23:43:00,1.14371,1.14403,1.1437,1.14376,39.0
2026-07-06 23:44:00,1.14378,1.1438,1.14376,1.14376,40.0
2026-07-06 23:45:00,1.14374,1.14403,1.1437,1.1437,43.0
2026-07-06 23:46:00,1.14369,1.14372,1.14368,1.14372,16.0
2026-07-06 23:47:00,1.14372,1.14376,1.14372,1.14376,86.0
2026-07-06 23:48:00,1.14377,1.1438,1.14369,1.14369,96.0
2026-07-06 23:49:00,1.1437,1.14372,1.14369,1.1437,13.0
2026-07-06 23:50:00,1.1437,1.14373,1.1437,1.1437,87.0
2026-07-06 23:51:00,1.1437,1.14403,1.14367,1.14368,69.0
2026-07-06 23:52:00,1.14367,1.14403,1.14367,1.14403,11.0
2026-07-06 23:53:00,1.14366,1.14403,1.14364,1.14366,43.0
2026-07-06 23:54:00,1.14366,1.14403,1.14366,1.14372,42.0
2026-07-06 23:55:00,1.1437,1.1437,1.14366,1.14369,24.0
2026-07-06 23:56:00,1.14368,1.14368,1.14366,1.14368,33.0
2026-07-06 23:57:00,1.14365,1.14366,1.14365,1.14366,16.0
2026-07-06 23:58:00,1.14364,1.1437,1.14362,1.1437,31.0
2026-07-06 23:59:00,1.14403,1.14403,1.14368,1.14368,10.0
2026-07-07 00:00:00,1.1437,1.14403,1.1437,1.14403,12.0
2026-07-07 00:01:00,1.14369,1.14369,1.14366,1.14366,67.0
2026-07-07 00:02:00,1.14368,1.1437,1.14367,1.14368,54.0
2026-07-07 00:03:00,1.14368,1.14403,1.14367,1.14375,36.0
2026-07-07 00:04:00,1.14374,1.14378,1.14372,1.14378,33.0
2026-07-07 00:05:00,1.14377,1.14416,1.14377,1.1438,33.0
2026-07-07 00:06:00,1.1438,1.14416,1.1438,1.14416,7.0
2026-07-07 00:07:00,1.14416,1.14416,1.14382,1.14382,11.0
2026-07-07 00:08:00,1.14386,1.14416,1.14381,1.14382,23.0
2026-07-07 00:09:00,1.14383,1.14416,1.14383,1.14384,33.0
2026-07-07 00:10:00,1.14386,1.14416,1.14384,1.14416,20.0
2026-07-07 00:11:00,1.14383,1.14416,1.14382,1.14383,37.0
2026-07-07 00:12:00,1.14383,1.14416,1.14382,1.14416,5.0
2026-07-07 00:13:00,1.14378,1.14378,1.14376,1.14377,41.0
2026-07-07 00:14:00,1.14378,1.14416,1.14376,1.14376,18.0
2026-07-07 00:15:00,1.14377,1.1438,1.14376,1.1438,24.0
2026-07-07 00:16:00,1.14384,1.14416,1.1438,1.1438,41.0
2026-07-07 00:17:00,1.14378,1.14416,1.14378,1.1438,19.0
2026-07-07 00:18:00,1.14381,1.14416,1.1438,1.14381,27.0
2026-07-07 00:19:00,1.14378,1.14378,1.14376,1.14377,28.0
2026-07-07 00:20:00,1.14376,1.14403,1.14372,1.14373,25.0
2026-07-07 00:21:00,1.14403,1.14403,1.1437,1.14372,54.0
2026-07-07 00:22:00,1.14372,1.14403,1.14372,1.14373,19.0
2026-07-07 00:23:00,1.14374,1.1438,1.14374,1.1438,44.0
2026-07-07 00:24:00,1.14382,1.14416,1.14382,1.14384,60.0
2026-07-07 00:25:00,1.14384,1.14384,1.14374,1.14374,39.0
2026-07-07 00:26:00,1.14373,1.14374,1.14371,1.14372,15.0
2026-07-07 00:27:00,1.14372,1.14403,1.14368,1.14368,13.0
2026-07-07 00:28:00,1.14366,1.14403,1.14366,1.14367,20.0
2026-07-07 00:29:00,1.14367,1.14403,1.14365,1.1437,30.0
2026-07-07 00:30:00,1.14371,1.14372,1.14368,1.1437,16.0
2026-07-07 00:31:00,1.14373,1.14403,1.1437,1.14403,11.0
2026-07-07 00:32:00,1.14372,1.14403,1.14371,1.14376,32.0
2026-07-07 00:33:00,1.14377,1.14416,1.14377,1.14383,39.0
2026-07-07 00:34:00,1.14376,1.14403,1.14372,1.14403,41.0
2026-07-07 00:35:00,1.14377,1.14416,1.14376,1.14376,38.0
2026-07-07 00:36:00,1.14377,1.14403,1.14371,1.14372,39.0
2026-07-07 00:37:00,1.14373,1.14403,1.14373,1.14374,26.0
2026-07-07 00:38:00,1.14376,1.14403,1.14376,1.1438,26.0
2026-07-07 00:39:00,1.14379,1.14382,1.14379,1.14382,25.0
2026-07-07 00:40:00,1.14382,1.14392,1.14379,1.14389,65.0
2026-07-07 00:41:00,1.1439,1.1439,1.14382,1.14382,13.0
2026-07-07 00:42:00,1.14384,1.14384,1.14382,1.14384,30.0
2026-07-07 00:43:00,1.14382,1.14382,1.1438,1.14382,35.0
2026-07-07 00:44:00,1.14381,1.14382,1.1438,1.1438,27.0
2026-07-07 00:45:00,1.14376,1.14403,1.14376,1.14378,60.0
2026-07-07 00:46:00,1.14382,1.14416,1.14382,1.14386,61.0
2026-07-07 00:47:00,1.14385,1.14385,1.14382,1.14382,26.0
2026-07-07 00:48:00,1.1438,1.1438,1.14379,1.14379,11.0
2026-07-07 00:49:00,1.14378,1.1438,1.14378,1.1438,13.0
2026-07-07 00:50:00,1.14379,1.14384,1.14379,1.14384,30.0
2026-07-07 00:51:00,1.14386,1.1439,1.14386,1.1439,26.0
2026-07-07 00:52:00,1.14416,1.14416,1.14378,1.14378,48.0
2026-07-07 00:53:00,1.14376,1.14403,1.14375,1.14377,39.0
2026-07-07 00:54:00,1.14376,1.14403,1.14374,1.14374,22.0
2026-07-07 00:55:00,1.14374,1.14403,1.14362,1.14368,37.0
2026-07-07 00:56:00,1.14366,1.14403,1.14366,1.1437,27.0
2026-07-07 00:57:00,1.14371,1.14372,1.1437,1.1437,26.0
2026-07-07 00:58:00,1.14371,1.14403,1.1436,1.1436,38.0
2026-07-07 00:59:00,1.14359,1.1439,1.14355,1.14356,60.0
2026-07-07 01:00:00,1.14352,1.14366,1.14352,1.14362,135.0
2026-07-07 01:01:00,1.14362,1.1439,1.14361,1.14361,27.0
2026-07-07 01:02:00,1.1436,1.1437,1.1436,1.14368,61.0
2026-07-07 01:03:00,1.1437,1.14373,1.14368,1.14372,54.0
2026-07-07 01:04:00,1.14371,1.14403,1.14366,1.14367,41.0
2026-07-07 01:05:00,1.14367,1.14403,1.14366,1.14368,33.0
2026-07-07 01:06:00,1.14366,1.14403,1.14366,1.14371,39.0
2026-07-07 01:07:00,1.14369,1.14369,1.14363,1.14363,38.0
2026-07-07 01:08:00,1.14364,1.1439,1.14363,1.14363,36.0
2026-07-07 01:09:00,1.14358,1.14366,1.14358,1.14366,76.0
2026-07-07 01:10:00,1.14366,1.14366,1.14361,1.14362,106.0
2026-07-07 01:11:00,1.14362,1.14362,1.14357,1.14358,86.0
2026-07-07 01:12:00,1.14356,1.14365,1.14355,1.14356,113.0
2026-07-07 01:13:00,1.14356,1.14377,1.14342,1.14342,66.0
2026-07-07 01:14:00,1.14343,1.14346,1.14342,1.14344,105.0
2026-07-07 01:15:00,1.14343,1.14377,1.14338,1.14338,67.0
2026-07-07 01:16:00,1.14339,1.1434,1.14334,1.14334,54.0
2026-07-07 01:17:00,1.14336,1.14377,1.14336,1.14348,34.0
2026-07-07 01:18:00,1.14348,1.14377,1.14342,1.14342,20.0
2026-07-07 01:19:00,1.14338,1.14364,1.14321,1.14322,76.0
2026-07-07 01:20:00,1.14322,1.14351,1.14309,1.14309,91.0
2026-07-07 01:21:00,1.14311,1.14312,1.14304,1.14304,59.0
2026-07-07 01:22:00,1.14303,1.14307,1.14302,1.14306,74.0
2026-07-07 01:23:00,1.14304,1.14338,1.14303,1.14306,106.0
2026-07-07 01:24:00,1.14304,1.1431,1.14304,1.1431,66.0
2026-07-07 01:25:00,1.14309,1.14313,1.14304,1.14305,82.0
2026-07-07 01:26:00,1.14305,1.14338,1.14305,1.14308,72.0
2026-07-07 01:27:00,1.14309,1.14338,1.14308,1.14338,28.0
2026-07-07 01:28:00,1.14308,1.14338,1.14302,1.14305,205.0
2026-07-07 01:29:00,1.14306,1.14308,1.14304,1.14308,92.0
2026-07-07 01:30:00,1.14307,1.14338,1.14306,1.14321,86.0
2026-07-07 01:31:00,1.14321,1.14351,1.14316,1.14323,92.0
2026-07-07 01:32:00,1.14322,1.14351,1.1432,1.14326,90.0
2026-07-07 01:33:00,1.14326,1.14328,1.14324,1.14328,127.0
2026-07-07 01:34:00,1.14329,1.14364,1.14326,1.14326,37.0
2026-07-07 01:35:00,1.14327,1.14332,1.14327,1.14328,86.0
2026-07-07 01:36:00,1.14326,1.14332,1.14326,1.14326,82.0
2026-07-07 01:37:00,1.14326,1.14328,1.14325,1.14326,52.0
2026-07-07 01:38:00,1.14325,1.14364,1.14324,1.14326,54.0
2026-07-07 01:39:00,1.14324,1.14351,1.14316,1.14318,58.0
2026-07-07 01:40:00,1.14316,1.14318,1.14312,1.14318,61.0
2026-07-07 01:41:00,1.1432,1.14351,1.1432,1.14322,86.0
2026-07-07 01:42:00,1.14318,1.14318,1.14304,1.14304,98.0
2026-07-07 01:43:00,1.14306,1.14306,1.14296,1.14296,77.0
2026-07-07 01:44:00,1.14291,1.14325,1.1429,1.14291,61.0
2026-07-07 01:45:00,1.14291,1.14325,1.14291,1.14294,50.0
2026-07-07 01:46:00,1.14295,1.14325,1.14286,1.14286,58.0
2026-07-07 01:47:00,1.14288,1.14292,1.14287,1.14292,64.0
2026-07-07 01:48:00,1.1429,1.14293,1.1429,1.14291,48.0
2026-07-07 01:49:00,1.1429,1.1429,1.14284,1.1429,41.0
2026-07-07 01:50:00,1.14295,1.14296,1.1429,1.14291,23.0
2026-07-07 01:51:00,1.1429,1.14306,1.1429,1.14304,59.0
2026-07-07 01:52:00,1.14302,1.14302,1.1429,1.1429,48.0
2026-07-07 01:53:00,1.14295,1.14325,1.14286,1.14292,54.0
2026-07-07 01:54:00,1.14294,1.14338,1.14294,1.14313,68.0
2026-07-07 01:55:00,1.14309,1.14316,1.14304,1.14304,79.0
2026-07-07 01:56:00,1.14306,1.14338,1.14305,1.1431,35.0
2026-07-07 01:57:00,1.14308,1.14338,1.14308,1.14316,35.0
2026-07-07 01:58:00,1.14315,1.14351,1.14314,1.14316,53.0
2026-07-07 01:59:00,1.14313,1.14351,1.14313,1.14318,49.0
2026-07-07 02:00:00,1.14315,1.14364,1.14315,1.14317,94.0
2026-07-07 02:01:00,1.14315,1.14351,1.1431,1.1431,54.0
2026-07-07 02:02:00,1.14309,1.14351,1.14306,1.14306,84.0
2026-07-07 02:03:00,1.14303,1.14306,1.14301,1.14306,44.0
2026-07-07 02:04:00,1.14306,1.14338,1.14304,1.14306,106.0
2026-07-07 02:05:00,1.14305,1.14338,1.14296,1.14301,96.0
2026-07-07 02:06:00,1.143,1.14338,1.143,1.14302,52.0
2026-07-07 02:07:00,1.14296,1.14338,1.14296,1.14301,71.0
2026-07-07 02:08:00,1.14296,1.14296,1.14283,1.14291,84.0
2026-07-07 02:09:00,1.14296,1.14296,1.14274,1.14274,136.0
2026-07-07 02:10:00,1.14276,1.14299,1.14262,1.14263,149.0
2026-07-07 02:11:00,1.1426,1.14299,1.14255,1.14255,136.0
2026-07-07 02:12:00,1.14254,1.14286,1.14254,1.14258,47.0
2026-07-07 02:13:00,1.14255,1.14286,1.14255,1.14286,59.0
2026-07-07 02:14:00,1.1426,1.14299,1.1426,1.14274,155.0
2026-07-07 02:15:00,1.14276,1.14305,1.14276,1.14298,165.0
2026-07-07 02:16:00,1.14288,1.14299,1.1427,1.14282,179.0
2026-07-07 02:17:00,1.14281,1.1429,1.1428,1.1429,75.0
2026-07-07 02:18:00,1.14289,1.14292,1.1428,1.14281,86.0
2026-07-07 02:19:00,1.1428,1.14295,1.1428,1.14295,75.0
2026-07-07 02:20:00,1.14296,1.14296,1.14291,1.14292,70.0
2026-07-07 02:21:00,1.14294,1.14296,1.14292,1.14294,34.0
2026-07-07 02:22:00,1.14284,1.1429,1.14284,1.14288,86.0
2026-07-07 02:23:00,1.14284,1.14325,1.14284,1.14286,120.0
2026-07-07 02:24:00,1.14284,1.14325,1.14282,1.14294,70.0
2026-07-07 02:25:00,1.14294,1.14325,1.14288,1.14289,51.0
2026-07-07 02:26:00,1.14288,1.14325,1.14288,1.14288,62.0
2026-07-07 02:27:00,1.1429,1.14325,1.14286,1.14287,35.0
2026-07-07 02:28:00,1.14286,1.14292,1.14286,1.14292,98.0
2026-07-07 02:29:00,1.14292,1.14312,1.14277,1.14277,90.0
2026-07-07 02:30:00,1.14279,1.14325,1.14279,1.14294,82.0
2026-07-07 02:31:00,1.14297,1.14338,1.14294,1.14303,52.0
2026-07-07 02:32:00,1.143,1.14301,1.1429,1.1429,45.0
2026-07-07 02:33:00,1.14292,1.14325,1.14292,1.14308,70.0
2026-07-07 02:34:00,1.14309,1.14338,1.14307,1.14307,28.0
2026-07-07 02:35:00,1.143,1.143,1.14296,1.14299,89.0
2026-07-07 02:36:00,1.143,1.143,1.14296,1.143,79.0
2026-07-07 02:37:00,1.14301,1.14302,1.14298,1.14298,53.0
2026-07-07 02:38:00,1.14299,1.14307,1.14299,1.14307,55.0
2026-07-07 02:39:00,1.14306,1.14306,1.14304,1.14304,46.0
2026-07-07 02:40:00,1.14304,1.14304,1.14298,1.143,45.0
2026-07-07 02:41:00,1.14301,1.14338,1.14296,1.14296,45.0
2026-07-07 02:42:00,1.14297,1.14297,1.14289,1.1429,33.0
2026-07-07 02:43:00,1.14292,1.14325,1.1429,1.14292,52.0
2026-07-07 02:44:00,1.14292,1.14325,1.14292,1.14294,24.0
2026-07-07 02:45:00,1.14292,1.14296,1.14289,1.14296,35.0
2026-07-07 02:46:00,1.14295,1.14325,1.14286,1.14286,32.0
2026-07-07 02:47:00,1.14287,1.1429,1.14286,1.1429,32.0
2026-07-07 02:48:00,1.14291,1.14325,1.14291,1.14295,31.0
2026-07-07 02:49:00,1.14296,1.143,1.14294,1.14299,50.0
2026-07-07 02:50:00,1.14305,1.14338,1.14304,1.1431,38.0
2026-07-07 02:51:00,1.14312,1.14312,1.14305,1.14306,52.0
2026-07-07 02:52:00,1.14312,1.14314,1.1431,1.1431,54.0
2026-07-07 02:53:00,1.14311,1.14311,1.143,1.143,37.0
2026-07-07 02:54:00,1.14296,1.14296,1.14285,1.14285,61.0
2026-07-07 02:55:00,1.14285,1.1429,1.1428,1.1429,101.0
2026-07-07 02:56:00,1.14291,1.14291,1.14285,1.14286,38.0
2026-07-07 02:57:00,1.14287,1.1429,1.14281,1.14288,57.0
2026-07-07 02:58:00,1.14282,1.14284,1.14277,1.14284,94.0
2026-07-07 02:59:00,1.14281,1.14294,1.14278,1.14294,64.0
2026-07-07 03:00:00,1.14296,1.14298,1.1429,1.14294,125.0
2026-07-07 03:01:00,1.14294,1.14294,1.1428,1.14286,81.0
2026-07-07 03:02:00,1.14285,1.14312,1.1428,1.14284,127.0
2026-07-07 03:03:00,1.14285,1.14285,1.14262,1.14263,92.0
2026-07-07 03:04:00,1.14264,1.14282,1.14264,1.14282,89.0
2026-07-07 03:05:00,1.1428,1.14285,1.1428,1.1428,115.0
2026-07-07 03:06:00,1.14282,1.14286,1.14274,1.14286,103.0
2026-07-07 03:07:00,1.14284,1.14288,1.14281,1.14288,47.0
2026-07-07 03:08:00,1.14286,1.14286,1.14278,1.14278,66.0
2026-07-07 03:09:00,1.1428,1.14281,1.14277,1.14277,74.0
2026-07-07 03:10:00,1.1428,1.14291,1.1428,1.1429,73.0
2026-07-07 03:11:00,1.14285,1.14286,1.14277,1.14277,88.0
2026-07-07 03:12:00,1.14278,1.14286,1.14278,1.14286,83.0
2026-07-07 03:13:00,1.14288,1.14288,1.14282,1.14286,53.0
2026-07-07 03:14:00,1.14287,1.14287,1.1428,1.14286,87.0
2026-07-07 03:15:00,1.1428,1.14312,1.14279,1.14284,68.0
2026-07-07 03:16:00,1.14284,1.14286,1.14278,1.14285,69.0
2026-07-07 03:17:00,1.14286,1.14289,1.14284,1.14289,33.0
2026-07-07 03:18:00,1.14292,1.14296,1.14292,1.14294,84.0
2026-07-07 03:19:00,1.14295,1.14325,1.14294,1.14304,115.0
2026-07-07 03:20:00,1.14317,1.1432,1.14308,1.14309,240.0
2026-07-07 03:21:00,1.14306,1.14351,1.143,1.143,91.0
2026-07-07 03:22:00,1.14302,1.14302,1.14295,1.14301,111.0
2026-07-07 03:23:00,1.14298,1.14312,1.1428,1.14285,117.0
2026-07-07 03:24:00,1.1428,1.14281,1.14267,1.1427,75.0
2026-07-07 03:25:00,1.14275,1.14312,1.14274,1.14275,83.0
2026-07-07 03:26:00,1.14276,1.14284,1.14276,1.1428,61.0
2026-07-07 03:27:00,1.14281,1.14312,1.14276,1.14276,62.0
2026-07-07 03:28:00,1.14274,1.14274,1.14265,1.14272,82.0
2026-07-07 03:29:00,1.1427,1.14299,1.14266,1.14266,108.0
2026-07-07 03:30:00,1.14264,1.14278,1.1426,1.14277,112.0
2026-07-07 03:31:00,1.14276,1.14276,1.1427,1.14275,87.0
2026-07-07 03:32:00,1.14277,1.14312,1.14277,1.14282,78.0
2026-07-07 03:33:00,1.14284,1.14292,1.14282,1.14284,58.0
2026-07-07 03:34:00,1.14286,1.14302,1.14286,1.14302,89.0
2026-07-07 03:35:00,1.14302,1.14302,1.14292,1.14296,100.0
2026-07-07 03:36:00,1.14297,1.14298,1.14296,1.14296,54.0
2026-07-07 03:37:00,1.14297,1.14297,1.14278,1.14281,102.0
2026-07-07 03:38:00,1.14278,1.14286,1.14278,1.14284,65.0
2026-07-07 03:39:00,1.1428,1.14312,1.14276,1.14278,54.0
2026-07-07 03:40:00,1.1428,1.14292,1.1428,1.14292,68.0
2026-07-07 03:41:00,1.14293,1.14325,1.14278,1.14278,48.0
2026-07-07 03:42:00,1.14278,1.14292,1.14278,1.14287,68.0
2026-07-07 03:43:00,1.14288,1.14288,1.14276,1.14286,71.0
2026-07-07 03:44:00,1.14285,1.14286,1.14278,1.14278,46.0
2026-07-07 03:45:00,1.1427,1.14299,1.14268,1.14268,82.0
2026-07-07 03:46:00,1.14271,1.14277,1.14268,1.1427,159.0
2026-07-07 03:47:00,1.1427,1.14276,1.1427,1.14272,108.0
2026-07-07 03:48:00,1.14274,1.14276,1.14268,1.14272,60.0
2026-07-07 03:49:00,1.14272,1.14272,1.14264,1.14266,60.0
2026-07-07 03:50:00,1.14266,1.14272,1.14266,1.14271,102.0
2026-07-07 03:51:00,1.14277,1.14281,1.14271,1.14274,125.0
2026-07-07 03:52:00,1.14275,1.14275,1.14267,1.14268,84.0
2026-07-07 03:53:00,1.14272,1.14272,1.14267,1.1427,60.0
2026-07-07 03:54:00,1.14268,1.14276,1.14266,1.14266,63.0
2026-07-07 03:55:00,1.14262,1.14262,1.14254,1.14255,70.0
2026-07-07 03:56:00,1.14254,1.14254,1.14248,1.14252,75.0
2026-07-07 03:57:00,1.14256,1.14299,1.14256,1.14262,58.0
2026-07-07 03:58:00,1.1426,1.14262,1.14256,1.14262,47.0
2026-07-07 03:59:00,1.14268,1.14268,1.14258,1.14258,47.0
2026-07-07 04:00:00,1.14258,1.14264,1.14252,1.14262,145.0
2026-07-07 04:01:00,1.1426,1.1426,1.14257,1.14258,71.0
2026-07-07 04:02:00,1.14261,1.14272,1.14258,1.14272,130.0
2026-07-07 04:03:00,1.1427,1.14274,1.14263,1.14274,101.0
2026-07-07 04:04:00,1.14271,1.14272,1.14265,1.1427,94.0
2026-07-07 04:05:00,1.14276,1.14312,1.14276,1.14278,59.0
2026-07-07 04:06:00,1.14277,1.14281,1.14276,1.14276,60.0
2026-07-07 04:07:00,1.14276,1.14282,1.14276,1.14281,89.0
2026-07-07 04:08:00,1.14277,1.14282,1.14272,1.14278,69.0
2026-07-07 04:09:00,1.14272,1.14285,1.14272,1.14285,60.0
2026-07-07 04:10:00,1.14286,1.14302,1.14286,1.14302,77.0
2026-07-07 04:11:00,1.14292,1.14325,1.14286,1.14303,103.0
2026-07-07 04:12:00,1.14302,1.14323,1.14302,1.14322,101.0
2026-07-07 04:13:00,1.14322,1.14322,1.14312,1.14314,80.0
2026-07-07 04:14:00,1.14317,1.14318,1.14312,1.14312,64.0
2026-07-07 04:15:00,1.14302,1.14338,1.14302,1.14312,74.0
2026-07-07 04:16:00,1.14312,1.14338,1.14307,1.14312,69.0
2026-07-07 04:17:00,1.14312,1.1432,1.14304,1.14305,91.0
2026-07-07 04:18:00,1.14308,1.1431,1.14294,1.14294,88.0
2026-07-07 04:19:00,1.14293,1.14325,1.14288,1.14291,138.0
2026-07-07 04:20:00,1.14292,1.14296,1.14288,1.14296,70.0
2026-07-07 04:21:00,1.14295,1.14305,1.14283,1.14305,88.0
2026-07-07 04:22:00,1.14306,1.14328,1.14304,1.14327,105.0
2026-07-07 04:23:00,1.14327,1.14331,1.14326,1.14326,68.0
2026-07-07 04:24:00,1.1433,1.14338,1.14329,1.14329,105.0
2026-07-07 04:25:00,1.1433,1.14364,1.1433,1.14337,95.0
2026-07-07 04:26:00,1.14337,1.14338,1.14324,1.14324,85.0
2026-07-07 04:27:00,1.14321,1.14328,1.14321,1.14326,42.0
2026-07-07 04:28:00,1.14328,1.1433,1.14325,1.14326,62.0
2026-07-07 04:29:00,1.14327,1.1433,1.14324,1.14326,58.0
2026-07-07 04:30:00,1.1433,1.14338,1.14329,1.14338,126.0
2026-07-07 04:31:00,1.14337,1.14355,1.14337,1.14355,85.0
2026-07-07 04:32:00,1.14355,1.14355,1.14346,1.14346,59.0
2026-07-07 04:33:00,1.1435,1.14357,1.14346,1.14357,101.0
2026-07-07 04:34:00,1.14357,1.14357,1.14346,1.14348,65.0
2026-07-07 04:35:00,1.14352,1.14356,1.1435,1.14352,76.0
2026-07-07 04:36:00,1.1435,1.1435,1.14326,1.14331,100.0
2026-07-07 04:37:00,1.14329,1.14331,1.14325,1.14331,84.0
2026-07-07 04:38:00,1.14332,1.14364,1.14328,1.14338,46.0
2026-07-07 04:39:00,1.14338,1.14347,1.14338,1.14347,71.0
2026-07-07 04:40:00,1.14352,1.1439,1.14352,1.14354,89.0
2026-07-07 04:41:00,1.14355,1.14356,1.14342,1.14343,99.0
2026-07-07 04:42:00,1.14342,1.14342,1.14321,1.14322,123.0
2026-07-07 04:43:00,1.14318,1.14327,1.14318,1.14321,123.0
2026-07-07 04:44:00,1.1432,1.14351,1.1431,1.1431,84.0
2026-07-07 04:45:00,1.14307,1.14338,1.14304,1.14309,70.0
2026-07-07 04:46:00,1.14307,1.14332,1.14304,1.14332,149.0
2026-07-07 04:47:00,1.14332,1.14332,1.14315,1.14316,136.0
2026-07-07 04:48:00,1.14317,1.14323,1.14317,1.14322,67.0
2026-07-07 04:49:00,1.14322,1.14322,1.14316,1.14316,101.0
2026-07-07 04:50:00,1.14312,1.14338,1.14304,1.14312,76.0
2026-07-07 04:51:00,1.14313,1.14338,1.14307,1.14308,73.0
2026-07-07 04:52:00,1.14307,1.14308,1.143,1.143,94.0
2026-07-07 04:53:00,1.14298,1.14301,1.14284,1.14284,79.0
2026-07-07 04:54:00,1.14284,1.14285,1.14276,1.1428,114.0
2026-07-07 04:55:00,1.14278,1.14282,1.14276,1.14276,104.0
2026-07-07 04:56:00,1.14275,1.14284,1.14272,1.14277,105.0
2026-07-07 04:57:00,1.14276,1.1428,1.14275,1.14278,83.0
2026-07-07 04:58:00,1.14277,1.14286,1.14277,1.1428,77.0
2026-07-07 04:59:00,1.14284,1.14284,1.14278,1.1428,64.0
2026-07-07 05:00:00,1.14281,1.14281,1.14274,1.14276,79.0
2026-07-07 05:01:00,1.14272,1.14276,1.14268,1.14268,106.0
2026-07-07 05:02:00,1.14266,1.14312,1.14266,1.14278,90.0
2026-07-07 05:03:00,1.1427,1.14286,1.1427,1.14275,69.0
2026-07-07 05:04:00,1.14274,1.14299,1.1427,1.1428,57.0
2026-07-07 05:05:00,1.1428,1.14289,1.1428,1.14284,115.0
2026-07-07 05:06:00,1.14284,1.14312,1.14281,1.14286,79.0
2026-07-07 05:07:00,1.14284,1.14312,1.14277,1.14282,64.0
2026-07-07 05:08:00,1.1428,1.14282,1.14275,1.14276,57.0
2026-07-07 05:09:00,1.14277,1.14312,1.14276,1.14278,76.0
2026-07-07 05:10:00,1.1428,1.14286,1.1428,1.14281,63.0
2026-07-07 05:11:00,1.14281,1.14312,1.1428,1.1428,62.0
2026-07-07 05:12:00,1.14281,1.14282,1.14268,1.14268,88.0
2026-07-07 05:13:00,1.1427,1.14299,1.14266,1.14266,34.0
2026-07-07 05:14:00,1.14268,1.1427,1.14268,1.1427,45.0
2026-07-07 05:15:00,1.1427,1.14312,1.1427,1.1428,41.0
2026-07-07 05:16:00,1.1428,1.14285,1.1428,1.1428,72.0
2026-07-07 05:17:00,1.1428,1.1428,1.14276,1.14276,68.0
2026-07-07 05:18:00,1.14277,1.14293,1.14277,1.1429,73.0
2026-07-07 05:19:00,1.14291,1.14312,1.14276,1.14276,73.0
2026-07-07 05:20:00,1.14274,1.14276,1.14274,1.14274,89.0
2026-07-07 05:21:00,1.14274,1.14275,1.14271,1.14272,45.0
2026-07-07 05:22:00,1.14268,1.14299,1.14268,1.14268,35.0
2026-07-07 05:23:00,1.14271,1.14271,1.14258,1.14258,76.0
2026-07-07 05:24:00,1.14257,1.14264,1.14257,1.14264,44.0
2026-07-07 05:25:00,1.14266,1.1427,1.14264,1.14268,74.0
2026-07-07 05:26:00,1.14267,1.1427,1.14267,1.1427,28.0
2026-07-07 05:27:00,1.14272,1.14299,1.14266,1.14266,53.0
2026-07-07 05:28:00,1.14264,1.14268,1.14262,1.14268,51.0
2026-07-07 05:29:00,1.14278,1.1428,1.14276,1.14276,59.0
2026-07-07 05:30:00,1.14275,1.14299,1.14266,1.14266,70.0
2026-07-07 05:31:00,1.14269,1.14299,1.14262,1.14263,42.0
2026-07-07 05:32:00,1.14265,1.14299,1.14264,1.1427,58.0
2026-07-07 05:33:00,1.14269,1.14312,1.14264,1.14264,27.0
2026-07-07 05:34:00,1.14265,1.14299,1.14265,1.14275,51.0
2026-07-07 05:35:00,1.14272,1.14299,1.14272,1.14282,113.0
2026-07-07 05:36:00,1.14281,1.14325,1.1428,1.14281,99.0
2026-07-07 05:37:00,1.14276,1.14312,1.14272,1.14272,66.0
2026-07-07 05:38:00,1.14275,1.14278,1.14274,1.14278,40.0
2026-07-07 05:39:00,1.14278,1.14312,1.14278,1.14284,45.0
2026-07-07 05:40:00,1.14285,1.1429,1.14282,1.14288,46.0
2026-07-07 05:41:00,1.1429,1.14297,1.14288,1.14294,87.0
2026-07-07 05:42:00,1.14294,1.14325,1.14292,1.14293,53.0
2026-07-07 05:43:00,1.14292,1.14325,1.14286,1.14286,52.0
2026-07-07 05:44:00,1.14284,1.14312,1.14284,1.14285,51.0
2026-07-07 05:45:00,1.14284,1.14325,1.14279,1.14287,90.0
2026-07-07 05:46:00,1.14288,1.14325,1.14286,1.14286,96.0
2026-07-07 05:47:00,1.14288,1.14288,1.1428,1.1428,85.0
2026-07-07 05:48:00,1.14278,1.14299,1.14264,1.14268,59.0
2026-07-07 05:49:00,1.14268,1.14299,1.14257,1.14257,66.0
2026-07-07 05:50:00,1.14252,1.14286,1.14248,1.14258,92.0
2026-07-07 05:51:00,1.14256,1.14264,1.14251,1.14264,83.0
2026-07-07 05:52:00,1.14262,1.14286,1.14253,1.1426,50.0
2026-07-07 05:53:00,1.1426,1.14286,1.14252,1.14257,79.0
2026-07-07 05:54:00,1.14256,1.14286,1.14256,1.14265,57.0
2026-07-07 05:55:00,1.14264,1.14286,1.14258,1.14264,81.0
2026-07-07 05:56:00,1.14265,1.14265,1.14255,1.14258,35.0
2026-07-07 05:57:00,1.14256,1.14262,1.14252,1.14258,61.0
2026-07-07 05:58:00,1.14257,1.14286,1.1425,1.14251,45.0
2026-07-07 05:59:00,1.1425,1.14286,1.1425,1.14252,36.0
2026-07-07 06:00:00,1.1425,1.1425,1.14236,1.14236,64.0
2026-07-07 06:01:00,1.14237,1.14262,1.14236,1.14262,111.0
2026-07-07 06:02:00,1.14261,1.14286,1.14251,1.14252,70.0
2026-07-07 06:03:00,1.14254,1.14286,1.14252,1.14252,64.0
2026-07-07 06:04:00,1.14248,1.14286,1.14243,1.14243,92.0
2026-07-07 06:05:00,1.14242,1.14273,1.14236,1.14244,78.0
2026-07-07 06:06:00,1.14244,1.14286,1.14244,1.14249,70.0
2026-07-07 06:07:00,1.14256,1.14286,1.14254,1.14257,48.0
2026-07-07 06:08:00,1.14257,1.14268,1.14257,1.14266,66.0
2026-07-07 06:09:00,1.14267,1.14312,1.14267,1.14284,71.0
2026-07-07 06:10:00,1.14279,1.14312,1.14268,1.14268,50.0
2026-07-07 06:11:00,1.14266,1.14312,1.14266,1.14266,29.0
2026-07-07 06:12:00,1.14267,1.14299,1.14266,1.14274,43.0
2026-07-07 06:13:00,1.14276,1.14286,1.14276,1.14284,68.0
2026-07-07 06:14:00,1.14282,1.14288,1.14282,1.14288,61.0
2026-07-07 06:15:00,1.14288,1.14325,1.14286,1.14292,76.0
2026-07-07 06:16:00,1.14292,1.14325,1.14292,1.14293,79.0
2026-07-07 06:17:00,1.14294,1.14302,1.14291,1.14302,81.0
2026-07-07 06:18:00,1.143,1.143,1.14292,1.14294,72.0
2026-07-07 06:19:00,1.14289,1.14325,1.14289,1.14294,38.0
2026-07-07 06:20:00,1.14291,1.14325,1.14291,1.14296,60.0
2026-07-07 06:21:00,1.14296,1.14325,1.14294,1.14294,39.0
2026-07-07 06:22:00,1.14292,1.14295,1.14291,1.14294,57.0
2026-07-07 06:23:00,1.14292,1.14325,1.14287,1.14287,64.0
2026-07-07 06:24:00,1.14287,1.14325,1.14287,1.14294,47.0
2026-07-07 06:25:00,1.14295,1.14295,1.1429,1.14292,63.0
2026-07-07 06:26:00,1.14295,1.14325,1.14295,1.14297,58.0
2026-07-07 06:27:00,1.14297,1.14338,1.14297,1.143,34.0
2026-07-07 06:28:00,1.14298,1.14338,1.14297,1.143,82.0
2026-07-07 06:29:00,1.14301,1.14301,1.14298,1.143,42.0
2026-07-07 06:30:00,1.14298,1.14325,1.14296,1.14296,49.0
2026-07-07 06:31:00,1.14298,1.14325,1.14296,1.143,60.0
2026-07-07 06:32:00,1.14301,1.14312,1.143,1.14311,75.0
2026-07-07 06:33:00,1.1431,1.14311,1.14304,1.14304,31.0
2026-07-07 06:34:00,1.14304,1.14338,1.14296,1.14296,55.0
2026-07-07 06:35:00,1.14296,1.14325,1.14295,1.14296,45.0
2026-07-07 06:36:00,1.14292,1.14338,1.14292,1.14296,38.0
2026-07-07 06:37:00,1.14298,1.14338,1.14297,1.14308,51.0
2026-07-07 06:38:00,1.14306,1.14314,1.14306,1.14314,50.0
2026-07-07 06:39:00,1.14312,1.14338,1.1431,1.14315,41.0
2026-07-07 06:40:00,1.14316,1.14338,1.14311,1.14316,32.0
2026-07-07 06:41:00,1.14317,1.14338,1.1431,1.14314,59.0
2026-07-07 06:42:00,1.14314,1.14316,1.14314,1.14316,17.0
2026-07-07 06:43:00,1.14308,1.14309,1.14305,1.14307,47.0
2026-07-07 06:44:00,1.14306,1.14338,1.143,1.143,20.0
2026-07-07 06:45:00,1.14303,1.14338,1.14297,1.143,55.0
2026-07-07 06:46:00,1.143,1.14338,1.143,1.14338,34.0
2026-07-07 06:47:00,1.14299,1.14338,1.14296,1.14338,32.0
2026-07-07 06:48:00,1.14296,1.14325,1.14293,1.14294,60.0
2026-07-07 06:49:00,1.14294,1.14325,1.14293,1.14294,22.0
2026-07-07 06:50:00,1.14294,1.14325,1.14292,1.14296,37.0
2026-07-07 06:51:00,1.14298,1.14338,1.14298,1.14306,20.0
2026-07-07 06:52:00,1.14309,1.14312,1.14307,1.14311,58.0
2026-07-07 06:53:00,1.14312,1.14351,1.14311,1.14316,43.0
2026-07-07 06:54:00,1.14319,1.14351,1.14319,1.14326,55.0
2026-07-07 06:55:00,1.14324,1.14331,1.14324,1.1433,64.0
2026-07-07 06:56:00,1.14331,1.14364,1.14328,1.14329,48.0
2026-07-07 06:57:00,1.14327,1.14364,1.14327,1.14334,58.0
2026-07-07 06:58:00,1.14341,1.14364,1.14337,1.14337,69.0
2026-07-07 06:59:00,1.14336,1.14364,1.1433,1.14338,57.0
2026-07-07 07:00:00,1.14334,1.1434,1.1433,1.14332,126.0
2026-07-07 07:01:00,1.14326,1.14329,1.14321,1.14324,64.0
2026-07-07 07:02:00,1.14323,1.14325,1.1432,1.1432,65.0
2026-07-07 07:03:00,1.14324,1.14328,1.14324,1.14325,67.0
2026-07-07 07:04:00,1.14325,1.1434,1.14325,1.14336,75.0
2026-07-07 07:05:00,1.14337,1.14343,1.14336,1.14343,79.0
2026-07-07 07:06:00,1.14343,1.14343,1.14324,1.14325,87.0
2026-07-07 07:07:00,1.14326,1.1433,1.14326,1.1433,12.0
2026-07-07 07:08:00,1.14332,1.14332,1.14327,1.14327,62.0
2026-07-07 07:09:00,1.14325,1.14325,1.14322,1.14324,55.0
2026-07-07 07:10:00,1.14328,1.14364,1.14328,1.14332,36.0
2026-07-07 07:11:00,1.14335,1.14335,1.14332,1.14335,34.0
2026-07-07 07:12:00,1.14336,1.14342,1.14335,1.14342,54.0
2026-07-07 07:13:00,1.14343,1.14343,1.1434,1.1434,84.0
2026-07-07 07:14:00,1.14338,1.1434,1.1433,1.1433,36.0
2026-07-07 07:15:00,1.14333,1.14364,1.1433,1.14339,64.0
2026-07-07 07:16:00,1.14335,1.14346,1.14335,1.14344,75.0
2026-07-07 07:17:00,1.14344,1.14364,1.14336,1.14342,104.0
2026-07-07 07:18:00,1.14346,1.14352,1.14342,1.14352,97.0
2026-07-07 07:19:00,1.14354,1.14365,1.14352,1.14363,55.0
2026-07-07 07:20:00,1.1436,1.14364,1.14359,1.14364,105.0
2026-07-07 07:21:00,1.14368,1.14382,1.14365,1.14376,140.0
2026-07-07 07:22:00,1.14372,1.14392,1.14372,1.1439,78.0
2026-07-07 07:23:00,1.1439,1.14416,1.1438,1.1438,127.0
2026-07-07 07:24:00,1.14376,1.14376,1.14364,1.14364,65.0
2026-07-07 07:25:00,1.1436,1.14369,1.1436,1.14366,75.0
2026-07-07 07:26:00,1.14361,1.1439,1.14356,1.14356,75.0
2026-07-07 07:27:00,1.14355,1.14403,1.14355,1.14369,60.0
2026-07-07 07:28:00,1.14368,1.14377,1.14368,1.14377,84.0
2026-07-07 07:29:00,1.14374,1.14374,1.1437,1.14372,61.0
2026-07-07 07:30:00,1.1437,1.1439,1.14362,1.14368,142.0
2026-07-07 07:31:00,1.14366,1.1439,1.14357,1.14357,40.0
2026-07-07 07:32:00,1.14354,1.14356,1.14348,1.14348,69.0
2026-07-07 07:33:00,1.14348,1.14354,1.14348,1.14353,25.0
2026-07-07 07:34:00,1.14357,1.14366,1.14357,1.1436,78.0
2026-07-07 07:35:00,1.14359,1.14366,1.14355,1.1436,64.0
2026-07-07 07:36:00,1.14361,1.14362,1.14356,1.14356,30.0
2026-07-07 07:37:00,1.14354,1.1439,1.14351,1.14355,69.0
2026-07-07 07:38:00,1.14358,1.14363,1.14353,1.14363,57.0
2026-07-07 07:39:00,1.14369,1.1439,1.14361,1.14361,56.0
2026-07-07 07:40:00,1.1436,1.1436,1.14356,1.14356,47.0
2026-07-07 07:41:00,1.14354,1.14356,1.14348,1.14348,46.0
2026-07-07 07:42:00,1.14347,1.14352,1.14342,1.14342,53.0
2026-07-07 07:43:00,1.14342,1.14377,1.14336,1.14336,83.0
2026-07-07 07:44:00,1.14326,1.1433,1.14324,1.14325,79.0
2026-07-07 07:45:00,1.14329,1.14329,1.14323,1.14323,72.0
2026-07-07 07:46:00,1.14326,1.14351,1.14318,1.14319,66.0
2026-07-07 07:47:00,1.1432,1.14323,1.14316,1.14316,53.0
2026-07-07 07:48:00,1.14317,1.14326,1.14317,1.14325,71.0
2026-07-07 07:49:00,1.14327,1.14327,1.14317,1.14318,56.0
2026-07-07 07:50:00,1.1432,1.14329,1.1432,1.14324,54.0
2026-07-07 07:51:00,1.14325,1.14335,1.14322,1.1433,75.0
2026-07-07 07:52:00,1.1433,1.14331,1.1432,1.14324,107.0
2026-07-07 07:53:00,1.14324,1.14324,1.1426,1.14272,290.0
2026-07-07 07:54:00,1.14286,1.14286,1.14264,1.1427,222.0
2026-07-07 07:55:00,1.14268,1.14305,1.14268,1.143,202.0
2026-07-07 07:56:00,1.14298,1.14312,1.14298,1.14312,135.0
2026-07-07 07:57:00,1.14316,1.14342,1.14312,1.14338,178.0
2026-07-07 07:58:00,1.14339,1.14346,1.14334,1.1434,103.0
2026-07-07 07:59:00,1.1434,1.14342,1.14322,1.14324,74.0
2026-07-07 08:00:00,1.14329,1.14335,1.14322,1.14331,195.0
2026-07-07 08:01:00,1.14336,1.14341,1.14332,1.14332,145.0
2026-07-07 08:02:00,1.14332,1.14332,1.14322,1.14324,116.0
2026-07-07 08:03:00,1.14332,1.14334,1.1433,1.14332,135.0
2026-07-07 08:04:00,1.14331,1.14346,1.1433,1.14344,108.0
2026-07-07 08:05:00,1.14345,1.14345,1.14338,1.1434,66.0
2026-07-07 08:06:00,1.14336,1.14345,1.14335,1.1434,65.0
2026-07-07 08:07:00,1.1434,1.14346,1.14334,1.14338,57.0
2026-07-07 08:08:00,1.14336,1.14336,1.14332,1.14334,81.0
2026-07-07 08:09:00,1.14334,1.14336,1.14326,1.1433,112.0
2026-07-07 08:10:00,1.14325,1.14325,1.1432,1.14325,112.0
2026-07-07 08:11:00,1.14325,1.14325,1.14315,1.14317,136.0
2026-07-07 08:12:00,1.14315,1.1432,1.14312,1.14316,79.0
2026-07-07 08:13:00,1.14318,1.14325,1.1431,1.14325,135.0
2026-07-07 08:14:00,1.14327,1.14344,1.14327,1.14339,105.0
2026-07-07 08:15:00,1.14339,1.14343,1.14336,1.1434,117.0
2026-07-07 08:16:00,1.14334,1.14334,1.14326,1.14328,98.0
2026-07-07 08:17:00,1.14328,1.1434,1.14328,1.14339,96.0
2026-07-07 08:18:00,1.14345,1.14377,1.14332,1.14333,64.0
2026-07-07 08:19:00,1.14319,1.14336,1.14314,1.14335,176.0
2026-07-07 08:20:00,1.1433,1.14352,1.1433,1.14352,149.0
2026-07-07 08:21:00,1.14356,1.14356,1.14345,1.1435,146.0
2026-07-07 08:22:00,1.14351,1.1439,1.1435,1.14366,85.0
2026-07-07 08:23:00,1.14368,1.14384,1.14366,1.14381,134.0
2026-07-07 08:24:00,1.14376,1.14376,1.14358,1.1436,92.0
2026-07-07 08:25:00,1.14365,1.14403,1.14364,1.14372,55.0
2026-07-07 08:26:00,1.1437,1.14403,1.1437,1.14385,72.0
2026-07-07 08:27:00,1.14387,1.14394,1.14385,1.1439,51.0
2026-07-07 08:28:00,1.14392,1.14443,1.14392,1.14406,88.0
2026-07-07 08:29:00,1.14408,1.14419,1.14407,1.14407,81.0
2026-07-07 08:30:00,1.14416,1.14421,1.14402,1.14402,106.0
2026-07-07 08:31:00,1.14404,1.14443,1.14402,1.14406,57.0
2026-07-07 08:32:00,1.14403,1.14416,1.14403,1.14411,89.0
2026-07-07 08:33:00,1.14414,1.14443,1.14406,1.14406,56.0
2026-07-07 08:34:00,1.14407,1.14443,1.14406,1.14407,86.0
2026-07-07 08:35:00,1.14406,1.14406,1.14396,1.14396,60.0
2026-07-07 08:36:00,1.14396,1.14398,1.14386,1.14386,115.0
2026-07-07 08:37:00,1.14386,1.14388,1.14384,1.14387,70.0
2026-07-07 08:38:00,1.14394,1.144,1.14388,1.144,120.0
2026-07-07 08:39:00,1.14398,1.14402,1.14385,1.14385,103.0
2026-07-07 08:40:00,1.14386,1.14386,1.14372,1.14374,107.0
2026-07-07 08:41:00,1.14372,1.14379,1.14372,1.14376,98.0
2026-07-07 08:42:00,1.14376,1.14378,1.1437,1.1437,93.0
2026-07-07 08:43:00,1.14366,1.14372,1.14362,1.14363,94.0
2026-07-07 08:44:00,1.1436,1.14362,1.14358,1.14361,48.0
2026-07-07 08:45:00,1.14362,1.14403,1.14362,1.1438,89.0
2026-07-07 08:46:00,1.14382,1.14382,1.14365,1.14366,69.0
2026-07-07 08:47:00,1.14368,1.1437,1.14366,1.14367,91.0
2026-07-07 08:48:00,1.14368,1.14369,1.14362,1.14362,62.0
2026-07-07 08:49:00,1.14362,1.1437,1.14362,1.1437,108.0
2026-07-07 08:50:00,1.14371,1.14403,1.14364,1.14365,72.0
2026-07-07 08:51:00,1.14362,1.14365,1.1436,1.14362,64.0
2026-07-07 08:52:00,1.14362,1.14363,1.1436,1.14362,48.0
2026-07-07 08:53:00,1.14362,1.14362,1.1435,1.1435,81.0
2026-07-07 08:54:00,1.1439,1.1439,1.14352,1.14355,58.0
2026-07-07 08:55:00,1.14354,1.14358,1.1435,1.14356,128.0
2026-07-07 08:56:00,1.14354,1.14355,1.14346,1.14346,78.0
2026-07-07 08:57:00,1.14346,1.14352,1.14346,1.14346,67.0
2026-07-07 08:58:00,1.14348,1.14356,1.14348,1.14354,64.0
2026-07-07 08:59:00,1.14356,1.1439,1.14354,1.14366,55.0
2026-07-07 09:00:00,1.14364,1.14364,1.14346,1.14346,131.0
2026-07-07 09:01:00,1.14345,1.14346,1.14339,1.14346,93.0
2026-07-07 09:02:00,1.14353,1.14353,1.1434,1.14344,117.0
2026-07-07 09:03:00,1.1435,1.14377,1.14344,1.14352,58.0
2026-07-07 09:04:00,1.1435,1.1435,1.14325,1.14325,153.0
2026-07-07 09:05:00,1.14323,1.14364,1.14323,1.14328,94.0
2026-07-07 09:06:00,1.14327,1.14327,1.14312,1.14314,95.0
2026-07-07 09:07:00,1.14316,1.14338,1.1431,1.14314,118.0
2026-07-07 09:08:00,1.14312,1.14338,1.14305,1.14314,70.0
2026-07-07 09:09:00,1.14314,1.14321,1.14313,1.14321,75.0
2026-07-07 09:10:00,1.14321,1.14351,1.14309,1.14309,121.0
2026-07-07 09:11:00,1.1431,1.14336,1.1431,1.14333,111.0
2026-07-07 09:12:00,1.14336,1.14364,1.14332,1.14342,41.0
2026-07-07 09:13:00,1.14344,1.14377,1.14334,1.14336,112.0
2026-07-07 09:14:00,1.14336,1.14342,1.14332,1.14336,88.0
2026-07-07 09:15:00,1.14336,1.14352,1.14336,1.1435,96.0
2026-07-07 09:16:00,1.14351,1.14351,1.14346,1.14351,105.0
2026-07-07 09:17:00,1.1435,1.14377,1.1435,1.14372,118.0
2026-07-07 09:18:00,1.14366,1.14366,1.14352,1.14352,105.0
2026-07-07 09:19:00,1.14346,1.14348,1.14346,1.14348,90.0
